CEKJJKDGJLL	skill_id	min_passive_skill_level	material_costs_item_id	material_costs_number	min_avatar_level	APGDLLPCHDI	NMGOBDEJOJD	avatar_id	propertys_number	propertys_property	unlock_passive_skill_level	EGMJFFGGEBE
"Avatar_PassiveSkill_CoreSkillLevelUp"	1011001	1	[10]	[5000]	15	TRUE	["Anbi_UniqueSkill_02_Desc"]	1011	[6|0]	[12201|12101]	2	["Anbi_UniqueSkill_Title"]
"Avatar_PassiveSkill_CoreSkillLevelUp"	1011002	2	[10|110501]	[12000|2]	25	TRUE	["Anbi_UniqueSkill_03_Desc"]	1011	[6|25]	[12201|12101]	3	["Anbi_UniqueSkill_Title"]
"Avatar_PassiveSkill_CoreSkillLevelUp"	1011003	3	[10|110501]	[28000|4]	35	TRUE	["Anbi_UniqueSkill_04_Desc"]	1011	[12|25]	[12201|12101]	4	["Anbi_UniqueSkill_Title"]
"Avatar_PassiveSkill_CoreSkillLevelUp"	1011004	4	[10|110501|110001]	[60000|9|2]	45	TRUE	["Anbi_UniqueSkill_05_Desc"]	1011	[12|50]	[12201|12101]	5	["Anbi_UniqueSkill_Title"]
"Avatar_PassiveSkill_CoreSkillLevelUp"	1011005	5	[10|110501|110001]	[100000|15|3]	55	TRUE	["Anbi_UniqueSkill_06_Desc"]	1011	[18|50]	[12201|12101]	6	["Anbi_UniqueSkill_Title"]
"Avatar_PassiveSkill_CoreSkillLevelUp"	1011006	6	[10|110501|110001]	[200000|30|4]	60	TRUE	["Anbi_UniqueSkill_07_Desc"]	1011	[18|75]	[12201|12101]	7	["Anbi_UniqueSkill_Title"]
"Avatar_PassiveSkill_CoreSkillLevelUp"	1021001	1	[10]	[5000]	15	TRUE	["Tsubaki_UniqueSkill_02_Desc"]	1021	[480|0]	[20101|12101]	2	["Tsubaki_UniqueSkill_Title"]
"Avatar_PassiveSkill_CoreSkillLevelUp"	1021002	2	[10|110502]	[12000|2]	25	TRUE	["Tsubaki_UniqueSkill_03_Desc"]	1021	[480|25]	[20101|12101]	3	["Tsubaki_UniqueSkill_Title"]
"Avatar_PassiveSkill_CoreSkillLevelUp"	1021003	3	[10|110502]	[28000|4]	35	TRUE	["Tsubaki_UniqueSkill_04_Desc"]	1021	[960|25]	[20101|12101]	4	["Tsubaki_UniqueSkill_Title"]
"Avatar_PassiveSkill_CoreSkillLevelUp"	1021004	4	[10|110502|110001]	[60000|9|2]	45	TRUE	["Tsubaki_UniqueSkill_05_Desc"]	1021	[960|50]	[20101|12101]	5	["Tsubaki_UniqueSkill_Title"]
"Avatar_PassiveSkill_CoreSkillLevelUp"	1021005	5	[10|110502|110001]	[100000|15|3]	55	TRUE	["Tsubaki_UniqueSkill_06_Desc"]	1021	[1440|50]	[20101|12101]	6	["Tsubaki_UniqueSkill_Title"]
"Avatar_PassiveSkill_CoreSkillLevelUp"	1021006	6	[10|110502|110001]	[200000|30|4]	60	TRUE	["Tsubaki_UniqueSkill_07_Desc"]	1021	[1440|75]	[20101|12101]	7	["Tsubaki_UniqueSkill_Title"]
"Avatar_PassiveSkill_CoreSkillLevelUp"	1031001	1	[10]	[5000]	15	TRUE	["Nostradamus_UniqueSkill_02_Desc"]	1031	[12|0]	[30501|12101]	2	["Nostradamus_UniqueSkill_Title"]
"Avatar_PassiveSkill_CoreSkillLevelUp"	1031002	2	[10|110501]	[12000|2]	25	TRUE	["Nostradamus_UniqueSkill_03_Desc"]	1031	[12|25]	[30501|12101]	3	["Nostradamus_UniqueSkill_Title"]
"Avatar_PassiveSkill_CoreSkillLevelUp"	1031003	3	[10|110501]	[28000|4]	35	TRUE	["Nostradamus_UniqueSkill_04_Desc"]	1031	[24|25]	[30501|12101]	4	["Nostradamus_UniqueSkill_Title"]
"Avatar_PassiveSkill_CoreSkillLevelUp"	1031004	4	[10|110501|110001]	[60000|9|2]	45	TRUE	["Nostradamus_UniqueSkill_05_Desc"]	1031	[24|50]	[30501|12101]	5	["Nostradamus_UniqueSkill_Title"]
"Avatar_PassiveSkill_CoreSkillLevelUp"	1031005	5	[10|110501|110001]	[100000|15|3]	55	TRUE	["Nostradamus_UniqueSkill_06_Desc"]	1031	[36|50]	[30501|12101]	6	["Nostradamus_UniqueSkill_Title"]
"Avatar_PassiveSkill_CoreSkillLevelUp"	1031006	6	[10|110501|110001]	[200000|30|4]	60	TRUE	["Nostradamus_UniqueSkill_07_Desc"]	1031	[36|75]	[30501|12101]	7	["Nostradamus_UniqueSkill_Title"]
"Avatar_PassiveSkill_CoreSkillLevelUp"	1041001	1	[10]	[5000]	15	TRUE	["Longinus_UniqueSkill_02_Desc"]	1041	[480|0]	[20101|12101]	2	["Longinus_UniqueSkill_Title"]
"Avatar_PassiveSkill_CoreSkillLevelUp"	1041002	2	[10|110505]	[12000|2]	25	TRUE	["Longinus_UniqueSkill_03_Desc"]	1041	[480|25]	[20101|12101]	3	["Longinus_UniqueSkill_Title"]
"Avatar_PassiveSkill_CoreSkillLevelUp"	1041003	3	[10|110505]	[28000|4]	35	TRUE	["Longinus_UniqueSkill_04_Desc"]	1041	[960|25]	[20101|12101]	4	["Longinus_UniqueSkill_Title"]
"Avatar_PassiveSkill_CoreSkillLevelUp"	1041004	4	[10|110505|110003]	[60000|9|2]	45	TRUE	["Longinus_UniqueSkill_05_Desc"]	1041	[960|50]	[20101|12101]	5	["Longinus_UniqueSkill_Title"]
"Avatar_PassiveSkill_CoreSkillLevelUp"	1041005	5	[10|110505|110003]	[100000|15|3]	55	TRUE	["Longinus_UniqueSkill_06_Desc"]	1041	[1440|50]	[20101|12101]	6	["Longinus_UniqueSkill_Title"]
"Avatar_PassiveSkill_CoreSkillLevelUp"	1041006	6	[10|110505|110003]	[200000|30|4]	60	TRUE	["Longinus_UniqueSkill_07_Desc"]	1041	[1440|75]	[20101|12101]	7	["Longinus_UniqueSkill_Title"]
"Avatar_PassiveSkill_CoreSkillLevelUp"	1051001	1	[10]	[5000]	15	TRUE	["Yidhari_UniqueSkill_02_Desc"]	1051	[480|0]	[20101|12101]	2	["Yidhari_UniqueSkill_Title"]
"Avatar_PassiveSkill_CoreSkillLevelUp"	1051002	2	[10|110501]	[12000|2]	25	TRUE	["Yidhari_UniqueSkill_03_Desc"]	1051	[480|25]	[20101|12101]	3	["Yidhari_UniqueSkill_Title"]
"Avatar_PassiveSkill_CoreSkillLevelUp"	1051003	3	[10|110501]	[28000|4]	35	TRUE	["Yidhari_UniqueSkill_04_Desc"]	1051	[960|25]	[20101|12101]	4	["Yidhari_UniqueSkill_Title"]
"Avatar_PassiveSkill_CoreSkillLevelUp"	1051004	4	[10|110501|110001]	[60000|9|2]	45	TRUE	["Yidhari_UniqueSkill_05_Desc"]	1051	[960|50]	[20101|12101]	5	["Yidhari_UniqueSkill_Title"]
"Avatar_PassiveSkill_CoreSkillLevelUp"	1051005	5	[10|110501|110001]	[100000|15|3]	55	TRUE	["Yidhari_UniqueSkill_06_Desc"]	1051	[1440|50]	[20101|12101]	6	["Yidhari_UniqueSkill_Title"]
"Avatar_PassiveSkill_CoreSkillLevelUp"	1051006	6	[10|110501|110001]	[200000|30|4]	60	TRUE	["Yidhari_UniqueSkill_07_Desc"]	1051	[1440|75]	[20101|12101]	7	["Yidhari_UniqueSkill_Title"]
"Avatar_PassiveSkill_CoreSkillLevelUp"	1061001	1	[10]	[5000]	15	TRUE	["Corin_UniqueSkill_02_Desc"]	1061	[960|0]	[21101|12101]	2	["Corin_UniqueSkill_Title"]
"Avatar_PassiveSkill_CoreSkillLevelUp"	1061002	2	[10|110502]	[12000|2]	25	TRUE	["Corin_UniqueSkill_03_Desc"]	1061	[960|25]	[21101|12101]	3	["Corin_UniqueSkill_Title"]
"Avatar_PassiveSkill_CoreSkillLevelUp"	1061003	3	[10|110502]	[28000|4]	35	TRUE	["Corin_UniqueSkill_04_Desc"]	1061	[1920|25]	[21101|12101]	4	["Corin_UniqueSkill_Title"]
"Avatar_PassiveSkill_CoreSkillLevelUp"	1061004	4	[10|110502|110003]	[60000|9|2]	45	TRUE	["Corin_UniqueSkill_05_Desc"]	1061	[1920|50]	[21101|12101]	5	["Corin_UniqueSkill_Title"]
"Avatar_PassiveSkill_CoreSkillLevelUp"	1061005	5	[10|110502|110003]	[100000|15|3]	55	TRUE	["Corin_UniqueSkill_06_Desc"]	1061	[2880|50]	[21101|12101]	6	["Corin_UniqueSkill_Title"]
"Avatar_PassiveSkill_CoreSkillLevelUp"	1061006	6	[10|110502|110003]	[200000|30|4]	60	TRUE	["Corin_UniqueSkill_07_Desc"]	1061	[2880|75]	[21101|12101]	7	["Corin_UniqueSkill_Title"]
"Avatar_PassiveSkill_CoreSkillLevelUp"	1071001	1	[10]	[5000]	15	TRUE	["Caesar_UniqueSkill_02_Desc"]	1071	[6|0]	[12201|12101]	2	["Caesar_UniqueSkill_Title"]
"Avatar_PassiveSkill_CoreSkillLevelUp"	1071002	2	[10|110507]	[12000|2]	25	TRUE	["Caesar_UniqueSkill_03_Desc"]	1071	[6|25]	[12201|12101]	3	["Caesar_UniqueSkill_Title"]
"Avatar_PassiveSkill_CoreSkillLevelUp"	1071003	3	[10|110507]	[28000|4]	35	TRUE	["Caesar_UniqueSkill_04_Desc"]	1071	[12|25]	[12201|12101]	4	["Caesar_UniqueSkill_Title"]
"Avatar_PassiveSkill_CoreSkillLevelUp"	1071004	4	[10|110507|110004]	[60000|9|2]	45	TRUE	["Caesar_UniqueSkill_05_Desc"]	1071	[12|50]	[12201|12101]	5	["Caesar_UniqueSkill_Title"]
"Avatar_PassiveSkill_CoreSkillLevelUp"	1071005	5	[10|110507|110004]	[100000|15|3]	55	TRUE	["Caesar_UniqueSkill_06_Desc"]	1071	[18|50]	[12201|12101]	6	["Caesar_UniqueSkill_Title"]
"Avatar_PassiveSkill_CoreSkillLevelUp"	1071006	6	[10|110507|110004]	[200000|30|4]	60	TRUE	["Caesar_UniqueSkill_07_Desc"]	1071	[18|75]	[12201|12101]	7	["Caesar_UniqueSkill_Title"]
"Avatar_PassiveSkill_CoreSkillLevelUp"	1081001	1	[10]	[5000]	15	TRUE	["Billy_UniqueSkill_02_Desc"]	1081	[480|0]	[20101|12101]	2	["Billy_UniqueSkill_Title"]
"Avatar_PassiveSkill_CoreSkillLevelUp"	1081002	2	[10|110503]	[12000|2]	25	TRUE	["Billy_UniqueSkill_03_Desc"]	1081	[480|25]	[20101|12101]	3	["Billy_UniqueSkill_Title"]
"Avatar_PassiveSkill_CoreSkillLevelUp"	1081003	3	[10|110503]	[28000|4]	35	TRUE	["Billy_UniqueSkill_04_Desc"]	1081	[960|25]	[20101|12101]	4	["Billy_UniqueSkill_Title"]
"Avatar_PassiveSkill_CoreSkillLevelUp"	1081004	4	[10|110503|110001]	[60000|9|2]	45	TRUE	["Billy_UniqueSkill_05_Desc"]	1081	[960|50]	[20101|12101]	5	["Billy_UniqueSkill_Title"]
"Avatar_PassiveSkill_CoreSkillLevelUp"	1081005	5	[10|110503|110001]	[100000|15|3]	55	TRUE	["Billy_UniqueSkill_06_Desc"]	1081	[1440|50]	[20101|12101]	6	["Billy_UniqueSkill_Title"]
"Avatar_PassiveSkill_CoreSkillLevelUp"	1081006	6	[10|110503|110001]	[200000|30|4]	60	TRUE	["Billy_UniqueSkill_07_Desc"]	1081	[1440|75]	[20101|12101]	7	["Billy_UniqueSkill_Title"]
"Avatar_PassiveSkill_CoreSkillLevelUp"	1091001	1	[10]	[5000]	15	TRUE	["Unagi_UniqueSkill_02_Desc"]	1091	[30|0]	[31201|12101]	2	["Unagi_UniqueSkill_Title"]
"Avatar_PassiveSkill_CoreSkillLevelUp"	1091002	2	[10|110508]	[12000|2]	25	TRUE	["Unagi_UniqueSkill_03_Desc"]	1091	[30|25]	[31201|12101]	3	["Unagi_UniqueSkill_Title"]
"Avatar_PassiveSkill_CoreSkillLevelUp"	1091003	3	[10|110508]	[28000|4]	35	TRUE	["Unagi_UniqueSkill_04_Desc"]	1091	[60|25]	[31201|12101]	4	["Unagi_UniqueSkill_Title"]
"Avatar_PassiveSkill_CoreSkillLevelUp"	1091004	4	[10|110508|110005]	[60000|9|2]	45	TRUE	["Unagi_UniqueSkill_05_Desc"]	1091	[60|50]	[31201|12101]	5	["Unagi_UniqueSkill_Title"]
"Avatar_PassiveSkill_CoreSkillLevelUp"	1091005	5	[10|110508|110005]	[100000|15|3]	55	TRUE	["Unagi_UniqueSkill_06_Desc"]	1091	[90|50]	[31201|12101]	6	["Unagi_UniqueSkill_Title"]
"Avatar_PassiveSkill_CoreSkillLevelUp"	1091006	6	[10|110508|110005]	[200000|30|4]	60	TRUE	["Unagi_UniqueSkill_07_Desc"]	1091	[90|75]	[31201|12101]	7	["Unagi_UniqueSkill_Title"]
"Avatar_PassiveSkill_CoreSkillLevelUp"	1101001	1	[10]	[5000]	15	TRUE	["OokumaMari_UniqueSkill_02_Desc"]	1101	[6|0]	[12201|12101]	2	["OokumaMari_UniqueSkill_Title"]
"Avatar_PassiveSkill_CoreSkillLevelUp"	1101002	2	[10|110504]	[12000|2]	25	TRUE	["OokumaMari_UniqueSkill_03_Desc"]	1101	[6|25]	[12201|12101]	3	["OokumaMari_UniqueSkill_Title"]
"Avatar_PassiveSkill_CoreSkillLevelUp"	1101003	3	[10|110504]	[28000|4]	35	TRUE	["OokumaMari_UniqueSkill_04_Desc"]	1101	[12|25]	[12201|12101]	4	["OokumaMari_UniqueSkill_Title"]
"Avatar_PassiveSkill_CoreSkillLevelUp"	1101004	4	[10|110504|110002]	[60000|9|2]	45	TRUE	["OokumaMari_UniqueSkill_05_Desc"]	1101	[12|50]	[12201|12101]	5	["OokumaMari_UniqueSkill_Title"]
"Avatar_PassiveSkill_CoreSkillLevelUp"	1101005	5	[10|110504|110002]	[100000|15|3]	55	TRUE	["OokumaMari_UniqueSkill_06_Desc"]	1101	[18|50]	[12201|12101]	6	["OokumaMari_UniqueSkill_Title"]
"Avatar_PassiveSkill_CoreSkillLevelUp"	1101006	6	[10|110504|110002]	[200000|30|4]	60	TRUE	["OokumaMari_UniqueSkill_07_Desc"]	1101	[18|75]	[12201|12101]	7	["OokumaMari_UniqueSkill_Title"]
"Avatar_PassiveSkill_CoreSkillLevelUp"	1111001	1	[10]	[5000]	15	TRUE	["Anton_UniqueSkill_02_Desc"]	1111	[480|0]	[20101|12101]	2	["Anton_UniqueSkill_Title"]
"Avatar_PassiveSkill_CoreSkillLevelUp"	1111002	2	[10|110505]	[12000|2]	25	TRUE	["Anton_UniqueSkill_03_Desc"]	1111	[480|25]	[20101|12101]	3	["Anton_UniqueSkill_Title"]
"Avatar_PassiveSkill_CoreSkillLevelUp"	1111003	3	[10|110505]	[28000|4]	35	TRUE	["Anton_UniqueSkill_04_Desc"]	1111	[960|25]	[20101|12101]	4	["Anton_UniqueSkill_Title"]
"Avatar_PassiveSkill_CoreSkillLevelUp"	1111004	4	[10|110505|110002]	[60000|9|2]	45	TRUE	["Anton_UniqueSkill_05_Desc"]	1111	[960|50]	[20101|12101]	5	["Anton_UniqueSkill_Title"]
"Avatar_PassiveSkill_CoreSkillLevelUp"	1111005	5	[10|110505|110002]	[100000|15|3]	55	TRUE	["Anton_UniqueSkill_06_Desc"]	1111	[1440|50]	[20101|12101]	6	["Anton_UniqueSkill_Title"]
"Avatar_PassiveSkill_CoreSkillLevelUp"	1111006	6	[10|110505|110002]	[200000|30|4]	60	TRUE	["Anton_UniqueSkill_07_Desc"]	1111	[1440|75]	[20101|12101]	7	["Anton_UniqueSkill_Title"]
"Avatar_PassiveSkill_CoreSkillLevelUp"	1121001	1	[10]	[5000]	15	TRUE	["Ben_UniqueSkill_02_Desc"]	1121	[12|0]	[30501|12101]	2	["Ben_UniqueSkill_Title"]
"Avatar_PassiveSkill_CoreSkillLevelUp"	1121002	2	[10|110504]	[12000|2]	25	TRUE	["Ben_UniqueSkill_03_Desc"]	1121	[12|25]	[30501|12101]	3	["Ben_UniqueSkill_Title"]
"Avatar_PassiveSkill_CoreSkillLevelUp"	1121003	3	[10|110504]	[28000|4]	35	TRUE	["Ben_UniqueSkill_04_Desc"]	1121	[24|25]	[30501|12101]	4	["Ben_UniqueSkill_Title"]
"Avatar_PassiveSkill_CoreSkillLevelUp"	1121004	4	[10|110504|110002]	[60000|9|2]	45	TRUE	["Ben_UniqueSkill_05_Desc"]	1121	[24|50]	[30501|12101]	5	["Ben_UniqueSkill_Title"]
"Avatar_PassiveSkill_CoreSkillLevelUp"	1121005	5	[10|110504|110002]	[100000|15|3]	55	TRUE	["Ben_UniqueSkill_06_Desc"]	1121	[36|50]	[30501|12101]	6	["Ben_UniqueSkill_Title"]
"Avatar_PassiveSkill_CoreSkillLevelUp"	1121006	6	[10|110504|110002]	[200000|30|4]	60	TRUE	["Ben_UniqueSkill_07_Desc"]	1121	[36|75]	[30501|12101]	7	["Ben_UniqueSkill_Title"]
"Avatar_PassiveSkill_CoreSkillLevelUp"	1131001	1	[10]	[5000]	15	TRUE	["Aokaku_UniqueSkill_02_Desc"]	1131	[12|0]	[30501|12101]	2	["Aokaku_UniqueSkill_Title"]
"Avatar_PassiveSkill_CoreSkillLevelUp"	1131002	2	[10|110501]	[12000|2]	25	TRUE	["Aokaku_UniqueSkill_03_Desc"]	1131	[12|25]	[30501|12101]	3	["Aokaku_UniqueSkill_Title"]
"Avatar_PassiveSkill_CoreSkillLevelUp"	1131003	3	[10|110501]	[28000|4]	35	TRUE	["Aokaku_UniqueSkill_04_Desc"]	1131	[24|25]	[30501|12101]	4	["Aokaku_UniqueSkill_Title"]
"Avatar_PassiveSkill_CoreSkillLevelUp"	1131004	4	[10|110501|110003]	[60000|9|2]	45	TRUE	["Aokaku_UniqueSkill_05_Desc"]	1131	[24|50]	[30501|12101]	5	["Aokaku_UniqueSkill_Title"]
"Avatar_PassiveSkill_CoreSkillLevelUp"	1131005	5	[10|110501|110003]	[100000|15|3]	55	TRUE	["Aokaku_UniqueSkill_06_Desc"]	1131	[36|50]	[30501|12101]	6	["Aokaku_UniqueSkill_Title"]
"Avatar_PassiveSkill_CoreSkillLevelUp"	1131006	6	[10|110501|110003]	[200000|30|4]	60	TRUE	["Aokaku_UniqueSkill_07_Desc"]	1131	[36|75]	[30501|12101]	7	["Aokaku_UniqueSkill_Title"]
"Avatar_PassiveSkill_CoreSkillLevelUp"	1141001	1	[10]	[5000]	15	TRUE	["Lycaon_UniqueSkill_02_Desc"]	1141	[6|0]	[12201|12101]	2	["Lycaon_UniqueSkill_Title"]
"Avatar_PassiveSkill_CoreSkillLevelUp"	1141002	2	[10|110503]	[12000|2]	25	TRUE	["Lycaon_UniqueSkill_03_Desc"]	1141	[6|25]	[12201|12101]	3	["Lycaon_UniqueSkill_Title"]
"Avatar_PassiveSkill_CoreSkillLevelUp"	1141003	3	[10|110503]	[28000|4]	35	TRUE	["Lycaon_UniqueSkill_04_Desc"]	1141	[12|25]	[12201|12101]	4	["Lycaon_UniqueSkill_Title"]
"Avatar_PassiveSkill_CoreSkillLevelUp"	1141004	4	[10|110503|110003]	[60000|9|2]	45	TRUE	["Lycaon_UniqueSkill_05_Desc"]	1141	[12|50]	[12201|12101]	5	["Lycaon_UniqueSkill_Title"]
"Avatar_PassiveSkill_CoreSkillLevelUp"	1141005	5	[10|110503|110003]	[100000|15|3]	55	TRUE	["Lycaon_UniqueSkill_06_Desc"]	1141	[18|50]	[12201|12101]	6	["Lycaon_UniqueSkill_Title"]
"Avatar_PassiveSkill_CoreSkillLevelUp"	1141006	6	[10|110503|110003]	[200000|30|4]	60	TRUE	["Lycaon_UniqueSkill_07_Desc"]	1141	[18|75]	[12201|12101]	7	["Lycaon_UniqueSkill_Title"]
"Avatar_PassiveSkill_CoreSkillLevelUp"	1151001	1	[10]	[5000]	15	TRUE	["Lucy_UniqueSkill_02_Desc"]	1151	[12|0]	[30501|12101]	2	["Lucy_UniqueSkill_Title"]
"Avatar_PassiveSkill_CoreSkillLevelUp"	1151002	2	[10|110504]	[12000|2]	25	TRUE	["Lucy_UniqueSkill_03_Desc"]	1151	[12|25]	[30501|12101]	3	["Lucy_UniqueSkill_Title"]
"Avatar_PassiveSkill_CoreSkillLevelUp"	1151003	3	[10|110504]	[28000|4]	35	TRUE	["Lucy_UniqueSkill_04_Desc"]	1151	[24|25]	[30501|12101]	4	["Lucy_UniqueSkill_Title"]
"Avatar_PassiveSkill_CoreSkillLevelUp"	1151004	4	[10|110504|110001]	[60000|9|2]	45	TRUE	["Lucy_UniqueSkill_05_Desc"]	1151	[24|50]	[30501|12101]	5	["Lucy_UniqueSkill_Title"]
"Avatar_PassiveSkill_CoreSkillLevelUp"	1151005	5	[10|110504|110001]	[100000|15|3]	55	TRUE	["Lucy_UniqueSkill_06_Desc"]	1151	[36|50]	[30501|12101]	6	["Lucy_UniqueSkill_Title"]
"Avatar_PassiveSkill_CoreSkillLevelUp"	1151006	6	[10|110504|110001]	[200000|30|4]	60	TRUE	["Lucy_UniqueSkill_07_Desc"]	1151	[36|75]	[30501|12101]	7	["Lucy_UniqueSkill_Title"]
"Avatar_PassiveSkill_CoreSkillLevelUp"	1161001	1	[10]	[5000]	15	TRUE	["Lighter_UniqueSkill_02_Desc"]	1161	[6|0]	[12201|12101]	2	["Lighter_UniqueSkill_Title"]
"Avatar_PassiveSkill_CoreSkillLevelUp"	1161002	2	[10|110502]	[12000|2]	25	TRUE	["Lighter_UniqueSkill_03_Desc"]	1161	[6|25]	[12201|12101]	3	["Lighter_UniqueSkill_Title"]
"Avatar_PassiveSkill_CoreSkillLevelUp"	1161003	3	[10|110502]	[28000|4]	35	TRUE	["Lighter_UniqueSkill_04_Desc"]	1161	[12|25]	[12201|12101]	4	["Lighter_UniqueSkill_Title"]
"Avatar_PassiveSkill_CoreSkillLevelUp"	1161004	4	[10|110502|110004]	[60000|9|2]	45	TRUE	["Lighter_UniqueSkill_05_Desc"]	1161	[12|50]	[12201|12101]	5	["Lighter_UniqueSkill_Title"]
"Avatar_PassiveSkill_CoreSkillLevelUp"	1161005	5	[10|110502|110004]	[100000|15|3]	55	TRUE	["Lighter_UniqueSkill_06_Desc"]	1161	[18|50]	[12201|12101]	6	["Lighter_UniqueSkill_Title"]
"Avatar_PassiveSkill_CoreSkillLevelUp"	1161006	6	[10|110502|110004]	[200000|30|4]	60	TRUE	["Lighter_UniqueSkill_07_Desc"]	1161	[18|75]	[12201|12101]	7	["Lighter_UniqueSkill_Title"]
"Avatar_PassiveSkill_CoreSkillLevelUp"	1171001	1	[10]	[5000]	15	TRUE	["Burnice_UniqueSkill_02_Desc"]	1171	[12|0]	[30501|12101]	2	["Burnice_UniqueSkill_Title"]
"Avatar_PassiveSkill_CoreSkillLevelUp"	1171002	2	[10|110507]	[12000|2]	25	TRUE	["Burnice_UniqueSkill_03_Desc"]	1171	[12|25]	[30501|12101]	3	["Burnice_UniqueSkill_Title"]
"Avatar_PassiveSkill_CoreSkillLevelUp"	1171003	3	[10|110507]	[28000|4]	35	TRUE	["Burnice_UniqueSkill_04_Desc"]	1171	[24|25]	[30501|12101]	4	["Burnice_UniqueSkill_Title"]
"Avatar_PassiveSkill_CoreSkillLevelUp"	1171004	4	[10|110507|110004]	[60000|9|2]	45	TRUE	["Burnice_UniqueSkill_05_Desc"]	1171	[24|50]	[30501|12101]	5	["Burnice_UniqueSkill_Title"]
"Avatar_PassiveSkill_CoreSkillLevelUp"	1171005	5	[10|110507|110004]	[100000|15|3]	55	TRUE	["Burnice_UniqueSkill_06_Desc"]	1171	[36|50]	[30501|12101]	6	["Burnice_UniqueSkill_Title"]
"Avatar_PassiveSkill_CoreSkillLevelUp"	1171006	6	[10|110507|110004]	[200000|30|4]	60	TRUE	["Burnice_UniqueSkill_07_Desc"]	1171	[36|75]	[30501|12101]	7	["Burnice_UniqueSkill_Title"]
"Avatar_PassiveSkill_CoreSkillLevelUp"	1181001	1	[10]	[5000]	15	TRUE	["Lisa_UniqueSkill_02_Desc"]	1181	[12|0]	[31401|12101]	2	["Lisa_UniqueSkill_Title"]
"Avatar_PassiveSkill_CoreSkillLevelUp"	1181002	2	[10|110505]	[12000|2]	25	TRUE	["Lisa_UniqueSkill_03_Desc"]	1181	[12|25]	[31401|12101]	3	["Lisa_UniqueSkill_Title"]
"Avatar_PassiveSkill_CoreSkillLevelUp"	1181003	3	[10|110505]	[28000|4]	35	TRUE	["Lisa_UniqueSkill_04_Desc"]	1181	[24|25]	[31401|12101]	4	["Lisa_UniqueSkill_Title"]
"Avatar_PassiveSkill_CoreSkillLevelUp"	1181004	4	[10|110505|110002]	[60000|9|2]	45	TRUE	["Lisa_UniqueSkill_05_Desc"]	1181	[24|50]	[31401|12101]	5	["Lisa_UniqueSkill_Title"]
"Avatar_PassiveSkill_CoreSkillLevelUp"	1181005	5	[10|110505|110002]	[100000|15|3]	55	TRUE	["Lisa_UniqueSkill_06_Desc"]	1181	[36|50]	[31401|12101]	6	["Lisa_UniqueSkill_Title"]
"Avatar_PassiveSkill_CoreSkillLevelUp"	1181006	6	[10|110505|110002]	[200000|30|4]	60	TRUE	["Lisa_UniqueSkill_07_Desc"]	1181	[36|75]	[31401|12101]	7	["Lisa_UniqueSkill_Title"]
"Avatar_PassiveSkill_CoreSkillLevelUp"	1191001	1	[10]	[5000]	15	TRUE	["Ellen_UniqueSkill_02_Desc"]	1191	[480|0]	[20101|12101]	2	["Ellen_UniqueSkill_Title"]
"Avatar_PassiveSkill_CoreSkillLevelUp"	1191002	2	[10|110501]	[12000|2]	25	TRUE	["Ellen_UniqueSkill_03_Desc"]	1191	[480|25]	[20101|12101]	3	["Ellen_UniqueSkill_Title"]
"Avatar_PassiveSkill_CoreSkillLevelUp"	1191003	3	[10|110501]	[28000|4]	35	TRUE	["Ellen_UniqueSkill_04_Desc"]	1191	[960|25]	[20101|12101]	4	["Ellen_UniqueSkill_Title"]
"Avatar_PassiveSkill_CoreSkillLevelUp"	1191004	4	[10|110501|110001]	[60000|9|2]	45	TRUE	["Ellen_UniqueSkill_05_Desc"]	1191	[960|50]	[20101|12101]	5	["Ellen_UniqueSkill_Title"]
"Avatar_PassiveSkill_CoreSkillLevelUp"	1191005	5	[10|110501|110001]	[100000|15|3]	55	TRUE	["Ellen_UniqueSkill_06_Desc"]	1191	[1440|50]	[20101|12101]	6	["Ellen_UniqueSkill_Title"]
"Avatar_PassiveSkill_CoreSkillLevelUp"	1191006	6	[10|110501|110001]	[200000|30|4]	60	TRUE	["Ellen_UniqueSkill_07_Desc"]	1191	[1440|75]	[20101|12101]	7	["Ellen_UniqueSkill_Title"]
"Avatar_PassiveSkill_CoreSkillLevelUp"	1201001	1	[10]	[5000]	15	TRUE	["Harumasa_UniqueSkill_02_Desc"]	1201	[480|0]	[20101|12101]	2	["Harumasa_UniqueSkill_Title"]
"Avatar_PassiveSkill_CoreSkillLevelUp"	1201002	2	[10|110508]	[12000|2]	25	TRUE	["Harumasa_UniqueSkill_03_Desc"]	1201	[480|25]	[20101|12101]	3	["Harumasa_UniqueSkill_Title"]
"Avatar_PassiveSkill_CoreSkillLevelUp"	1201003	3	[10|110508]	[28000|4]	35	TRUE	["Harumasa_UniqueSkill_04_Desc"]	1201	[960|25]	[20101|12101]	4	["Harumasa_UniqueSkill_Title"]
"Avatar_PassiveSkill_CoreSkillLevelUp"	1201004	4	[10|110508|110005]	[60000|9|2]	45	TRUE	["Harumasa_UniqueSkill_05_Desc"]	1201	[960|50]	[20101|12101]	5	["Harumasa_UniqueSkill_Title"]
"Avatar_PassiveSkill_CoreSkillLevelUp"	1201005	5	[10|110508|110005]	[100000|15|3]	55	TRUE	["Harumasa_UniqueSkill_06_Desc"]	1201	[1440|50]	[20101|12101]	6	["Harumasa_UniqueSkill_Title"]
"Avatar_PassiveSkill_CoreSkillLevelUp"	1201006	6	[10|110508|110005]	[200000|30|4]	60	TRUE	["Harumasa_UniqueSkill_07_Desc"]	1201	[1440|75]	[20101|12101]	7	["Harumasa_UniqueSkill_Title"]
"Avatar_PassiveSkill_CoreSkillLevelUp"	1211001	1	[10]	[5000]	15	TRUE	["Rina_UniqueSkill_02_Desc"]	1211	[480|0]	[23101|12101]	2	["Rina_UniqueSkill_Title"]
"Avatar_PassiveSkill_CoreSkillLevelUp"	1211002	2	[10|110505]	[12000|2]	25	TRUE	["Rina_UniqueSkill_03_Desc"]	1211	[480|25]	[23101|12101]	3	["Rina_UniqueSkill_Title"]
"Avatar_PassiveSkill_CoreSkillLevelUp"	1211003	3	[10|110505]	[28000|4]	35	TRUE	["Rina_UniqueSkill_04_Desc"]	1211	[960|25]	[23101|12101]	4	["Rina_UniqueSkill_Title"]
"Avatar_PassiveSkill_CoreSkillLevelUp"	1211004	4	[10|110505|110003]	[60000|9|2]	45	TRUE	["Rina_UniqueSkill_05_Desc"]	1211	[960|50]	[23101|12101]	5	["Rina_UniqueSkill_Title"]
"Avatar_PassiveSkill_CoreSkillLevelUp"	1211005	5	[10|110505|110003]	[100000|15|3]	55	TRUE	["Rina_UniqueSkill_06_Desc"]	1211	[1440|50]	[23101|12101]	6	["Rina_UniqueSkill_Title"]
"Avatar_PassiveSkill_CoreSkillLevelUp"	1211006	6	[10|110505|110003]	[200000|30|4]	60	TRUE	["Rina_UniqueSkill_07_Desc"]	1211	[1440|75]	[23101|12101]	7	["Rina_UniqueSkill_Title"]
"Avatar_PassiveSkill_CoreSkillLevelUp"	1221001	1	[10]	[5000]	15	TRUE	["Yanagi_UniqueSkill_02_Desc"]	1221	[12|0]	[31401|12101]	2	["Yanagi_UniqueSkill_Title"]
"Avatar_PassiveSkill_CoreSkillLevelUp"	1221002	2	[10|110505]	[12000|2]	25	TRUE	["Yanagi_UniqueSkill_03_Desc"]	1221	[12|25]	[31401|12101]	3	["Yanagi_UniqueSkill_Title"]
"Avatar_PassiveSkill_CoreSkillLevelUp"	1221003	3	[10|110505]	[28000|4]	35	TRUE	["Yanagi_UniqueSkill_04_Desc"]	1221	[24|25]	[31401|12101]	4	["Yanagi_UniqueSkill_Title"]
"Avatar_PassiveSkill_CoreSkillLevelUp"	1221004	4	[10|110505|110002]	[60000|9|2]	45	TRUE	["Yanagi_UniqueSkill_05_Desc"]	1221	[24|50]	[31401|12101]	5	["Yanagi_UniqueSkill_Title"]
"Avatar_PassiveSkill_CoreSkillLevelUp"	1221005	5	[10|110505|110002]	[100000|15|3]	55	TRUE	["Yanagi_UniqueSkill_06_Desc"]	1221	[36|50]	[31401|12101]	6	["Yanagi_UniqueSkill_Title"]
"Avatar_PassiveSkill_CoreSkillLevelUp"	1221006	6	[10|110505|110002]	[200000|30|4]	60	TRUE	["Yanagi_UniqueSkill_07_Desc"]	1221	[36|75]	[31401|12101]	7	["Yanagi_UniqueSkill_Title"]
"Avatar_PassiveSkill_CoreSkillLevelUp"	1241001	1	[10]	[5000]	15	TRUE	["ZhuYuan_UniqueSkill_02_Desc"]	1241	[960|0]	[21101|12101]	2	["ZhuYuan_UniqueSkill_Title"]
"Avatar_PassiveSkill_CoreSkillLevelUp"	1241002	2	[10|110503]	[12000|2]	25	TRUE	["ZhuYuan_UniqueSkill_03_Desc"]	1241	[960|25]	[21101|12101]	3	["ZhuYuan_UniqueSkill_Title"]
"Avatar_PassiveSkill_CoreSkillLevelUp"	1241003	3	[10|110503]	[28000|4]	35	TRUE	["ZhuYuan_UniqueSkill_04_Desc"]	1241	[1920|25]	[21101|12101]	4	["ZhuYuan_UniqueSkill_Title"]
"Avatar_PassiveSkill_CoreSkillLevelUp"	1241004	4	[10|110503|110002]	[60000|9|2]	45	TRUE	["ZhuYuan_UniqueSkill_05_Desc"]	1241	[1920|50]	[21101|12101]	5	["ZhuYuan_UniqueSkill_Title"]
"Avatar_PassiveSkill_CoreSkillLevelUp"	1241005	5	[10|110503|110002]	[100000|15|3]	55	TRUE	["ZhuYuan_UniqueSkill_06_Desc"]	1241	[2880|50]	[21101|12101]	6	["ZhuYuan_UniqueSkill_Title"]
"Avatar_PassiveSkill_CoreSkillLevelUp"	1241006	6	[10|110503|110002]	[200000|30|4]	60	TRUE	["ZhuYuan_UniqueSkill_07_Desc"]	1241	[2880|75]	[21101|12101]	7	["ZhuYuan_UniqueSkill_Title"]
"Avatar_PassiveSkill_CoreSkillLevelUp"	1251001	1	[10]	[5000]	15	TRUE	["QingYi_UniqueSkill_02_Desc"]	1251	[6|0]	[12201|12101]	2	["QingYi_UniqueSkill_Title"]
"Avatar_PassiveSkill_CoreSkillLevelUp"	1251002	2	[10|110503]	[12000|2]	25	TRUE	["QingYi_UniqueSkill_03_Desc"]	1251	[6|25]	[12201|12101]	3	["QingYi_UniqueSkill_Title"]
"Avatar_PassiveSkill_CoreSkillLevelUp"	1251003	3	[10|110503]	[28000|4]	35	TRUE	["QingYi_UniqueSkill_04_Desc"]	1251	[12|25]	[12201|12101]	4	["QingYi_UniqueSkill_Title"]
"Avatar_PassiveSkill_CoreSkillLevelUp"	1251004	4	[10|110503|110002]	[60000|9|2]	45	TRUE	["QingYi_UniqueSkill_05_Desc"]	1251	[12|50]	[12201|12101]	5	["QingYi_UniqueSkill_Title"]
"Avatar_PassiveSkill_CoreSkillLevelUp"	1251005	5	[10|110503|110002]	[100000|15|3]	55	TRUE	["QingYi_UniqueSkill_06_Desc"]	1251	[18|50]	[12201|12101]	6	["QingYi_UniqueSkill_Title"]
"Avatar_PassiveSkill_CoreSkillLevelUp"	1251006	6	[10|110503|110002]	[200000|30|4]	60	TRUE	["QingYi_UniqueSkill_07_Desc"]	1251	[18|75]	[12201|12101]	7	["QingYi_UniqueSkill_Title"]
"Avatar_PassiveSkill_CoreSkillLevelUp"	1261001	1	[10]	[5000]	15	TRUE	["JaneDoe_UniqueSkill_02_Desc"]	1261	[12|0]	[31401|12101]	2	["JaneDoe_UniqueSkill_Title"]
"Avatar_PassiveSkill_CoreSkillLevelUp"	1261002	2	[10|110506]	[12000|2]	25	TRUE	["JaneDoe_UniqueSkill_03_Desc"]	1261	[12|25]	[31401|12101]	3	["JaneDoe_UniqueSkill_Title"]
"Avatar_PassiveSkill_CoreSkillLevelUp"	1261003	3	[10|110506]	[28000|4]	35	TRUE	["JaneDoe_UniqueSkill_04_Desc"]	1261	[24|25]	[31401|12101]	4	["JaneDoe_UniqueSkill_Title"]
"Avatar_PassiveSkill_CoreSkillLevelUp"	1261004	4	[10|110506|110001]	[60000|9|2]	45	TRUE	["JaneDoe_UniqueSkill_05_Desc"]	1261	[24|50]	[31401|12101]	5	["JaneDoe_UniqueSkill_Title"]
"Avatar_PassiveSkill_CoreSkillLevelUp"	1261005	5	[10|110506|110001]	[100000|15|3]	55	TRUE	["JaneDoe_UniqueSkill_06_Desc"]	1261	[36|50]	[31401|12101]	6	["JaneDoe_UniqueSkill_Title"]
"Avatar_PassiveSkill_CoreSkillLevelUp"	1261006	6	[10|110506|110001]	[200000|30|4]	60	TRUE	["JaneDoe_UniqueSkill_07_Desc"]	1261	[36|75]	[31401|12101]	7	["JaneDoe_UniqueSkill_Title"]
"Avatar_PassiveSkill_CoreSkillLevelUp"	1271001	1	[10]	[5000]	15	TRUE	["Seth_UniqueSkill_02_Desc"]	1271	[12|0]	[30501|12101]	2	["Seth_UniqueSkill_Title"]
"Avatar_PassiveSkill_CoreSkillLevelUp"	1271002	2	[10|110506]	[12000|2]	25	TRUE	["Seth_UniqueSkill_03_Desc"]	1271	[12|25]	[30501|12101]	3	["Seth_UniqueSkill_Title"]
"Avatar_PassiveSkill_CoreSkillLevelUp"	1271003	3	[10|110506]	[28000|4]	35	TRUE	["Seth_UniqueSkill_04_Desc"]	1271	[24|25]	[30501|12101]	4	["Seth_UniqueSkill_Title"]
"Avatar_PassiveSkill_CoreSkillLevelUp"	1271004	4	[10|110506|110002]	[60000|9|2]	45	TRUE	["Seth_UniqueSkill_05_Desc"]	1271	[24|50]	[30501|12101]	5	["Seth_UniqueSkill_Title"]
"Avatar_PassiveSkill_CoreSkillLevelUp"	1271005	5	[10|110506|110002]	[100000|15|3]	55	TRUE	["Seth_UniqueSkill_06_Desc"]	1271	[36|50]	[30501|12101]	6	["Seth_UniqueSkill_Title"]
"Avatar_PassiveSkill_CoreSkillLevelUp"	1271006	6	[10|110506|110002]	[200000|30|4]	60	TRUE	["Seth_UniqueSkill_07_Desc"]	1271	[36|75]	[30501|12101]	7	["Seth_UniqueSkill_Title"]
"Avatar_PassiveSkill_CoreSkillLevelUp"	1281001	1	[10]	[5000]	15	TRUE	["Clara_UniqueSkill_02_Desc"]	1281	[12|0]	[30501|12101]	2	["Clara_UniqueSkill_Title"]
"Avatar_PassiveSkill_CoreSkillLevelUp"	1281002	2	[10|110502]	[12000|2]	25	TRUE	["Clara_UniqueSkill_03_Desc"]	1281	[12|25]	[30501|12101]	3	["Clara_UniqueSkill_Title"]
"Avatar_PassiveSkill_CoreSkillLevelUp"	1281003	3	[10|110502]	[28000|4]	35	TRUE	["Clara_UniqueSkill_04_Desc"]	1281	[24|25]	[30501|12101]	4	["Clara_UniqueSkill_Title"]
"Avatar_PassiveSkill_CoreSkillLevelUp"	1281004	4	[10|110502|110003]	[60000|9|2]	45	TRUE	["Clara_UniqueSkill_05_Desc"]	1281	[24|50]	[30501|12101]	5	["Clara_UniqueSkill_Title"]
"Avatar_PassiveSkill_CoreSkillLevelUp"	1281005	5	[10|110502|110003]	[100000|15|3]	55	TRUE	["Clara_UniqueSkill_06_Desc"]	1281	[36|50]	[30501|12101]	6	["Clara_UniqueSkill_Title"]
"Avatar_PassiveSkill_CoreSkillLevelUp"	1281006	6	[10|110502|110003]	[200000|30|4]	60	TRUE	["Clara_UniqueSkill_07_Desc"]	1281	[36|75]	[30501|12101]	7	["Clara_UniqueSkill_Title"]
"Avatar_PassiveSkill_CoreSkillLevelUp"	1291001	1	[10]	[5000]	15	TRUE	["HugoVlad_UniqueSkill_02_Desc"]	1291	[480|0]	[20101|12101]	2	["HugoVlad_UniqueSkill_Title"]
"Avatar_PassiveSkill_CoreSkillLevelUp"	1291002	2	[10|110501]	[12000|2]	25	TRUE	["HugoVlad_UniqueSkill_03_Desc"]	1291	[480|25]	[20101|12101]	3	["HugoVlad_UniqueSkill_Title"]
"Avatar_PassiveSkill_CoreSkillLevelUp"	1291003	3	[10|110501]	[28000|4]	35	TRUE	["HugoVlad_UniqueSkill_04_Desc"]	1291	[960|25]	[20101|12101]	4	["HugoVlad_UniqueSkill_Title"]
"Avatar_PassiveSkill_CoreSkillLevelUp"	1291004	4	[10|110501|110003]	[60000|9|2]	45	TRUE	["HugoVlad_UniqueSkill_05_Desc"]	1291	[960|50]	[20101|12101]	5	["HugoVlad_UniqueSkill_Title"]
"Avatar_PassiveSkill_CoreSkillLevelUp"	1291005	5	[10|110501|110003]	[100000|15|3]	55	TRUE	["HugoVlad_UniqueSkill_06_Desc"]	1291	[1440|50]	[20101|12101]	6	["HugoVlad_UniqueSkill_Title"]
"Avatar_PassiveSkill_CoreSkillLevelUp"	1291006	6	[10|110501|110003]	[200000|30|4]	60	TRUE	["HugoVlad_UniqueSkill_07_Desc"]	1291	[1440|75]	[20101|12101]	7	["HugoVlad_UniqueSkill_Title"]
"Avatar_PassiveSkill_CoreSkillLevelUp"	1311001	1	[10]	[5000]	15	TRUE	["Astra_UniqueSkill_02_Desc"]	1311	[12|0]	[30501|12101]	2	["Astra_UniqueSkill_Title"]
"Avatar_PassiveSkill_CoreSkillLevelUp"	1311002	2	[10|110508]	[12000|2]	25	TRUE	["Astra_UniqueSkill_03_Desc"]	1311	[12|25]	[30501|12101]	3	["Astra_UniqueSkill_Title"]
"Avatar_PassiveSkill_CoreSkillLevelUp"	1311003	3	[10|110508]	[28000|4]	35	TRUE	["Astra_UniqueSkill_04_Desc"]	1311	[24|25]	[30501|12101]	4	["Astra_UniqueSkill_Title"]
"Avatar_PassiveSkill_CoreSkillLevelUp"	1311004	4	[10|110508|110003]	[60000|9|2]	45	TRUE	["Astra_UniqueSkill_05_Desc"]	1311	[24|50]	[30501|12101]	5	["Astra_UniqueSkill_Title"]
"Avatar_PassiveSkill_CoreSkillLevelUp"	1311005	5	[10|110508|110003]	[100000|15|3]	55	TRUE	["Astra_UniqueSkill_06_Desc"]	1311	[36|50]	[30501|12101]	6	["Astra_UniqueSkill_Title"]
"Avatar_PassiveSkill_CoreSkillLevelUp"	1311006	6	[10|110508|110003]	[200000|30|4]	60	TRUE	["Astra_UniqueSkill_07_Desc"]	1311	[36|75]	[30501|12101]	7	["Astra_UniqueSkill_Title"]
"Avatar_PassiveSkill_CoreSkillLevelUp"	1321001	1	[10]	[5000]	15	TRUE	["Evelyn_UniqueSkill_02_Desc"]	1321	[480|0]	[20101|12101]	2	["Evelyn_UniqueSkill_Title"]
"Avatar_PassiveSkill_CoreSkillLevelUp"	1321002	2	[10|110504]	[12000|2]	25	TRUE	["Evelyn_UniqueSkill_03_Desc"]	1321	[480|25]	[20101|12101]	3	["Evelyn_UniqueSkill_Title"]
"Avatar_PassiveSkill_CoreSkillLevelUp"	1321003	3	[10|110504]	[28000|4]	35	TRUE	["Evelyn_UniqueSkill_04_Desc"]	1321	[960|25]	[20101|12101]	4	["Evelyn_UniqueSkill_Title"]
"Avatar_PassiveSkill_CoreSkillLevelUp"	1321004	4	[10|110504|110004]	[60000|9|2]	45	TRUE	["Evelyn_UniqueSkill_05_Desc"]	1321	[960|50]	[20101|12101]	5	["Evelyn_UniqueSkill_Title"]
"Avatar_PassiveSkill_CoreSkillLevelUp"	1321005	5	[10|110504|110004]	[100000|15|3]	55	TRUE	["Evelyn_UniqueSkill_06_Desc"]	1321	[1440|50]	[20101|12101]	6	["Evelyn_UniqueSkill_Title"]
"Avatar_PassiveSkill_CoreSkillLevelUp"	1321006	6	[10|110504|110004]	[200000|30|4]	60	TRUE	["Evelyn_UniqueSkill_07_Desc"]	1321	[1440|75]	[20101|12101]	7	["Evelyn_UniqueSkill_Title"]
"Avatar_PassiveSkill_CoreSkillLevelUp"	1331001	1	[10]	[5000]	15	TRUE	["Vivian_UniqueSkill_02_Desc"]	1331	[12|0]	[31401|12101]	2	["Vivian_UniqueSkill_Title"]
"Avatar_PassiveSkill_CoreSkillLevelUp"	1331002	2	[10|110508]	[12000|2]	25	TRUE	["Vivian_UniqueSkill_03_Desc"]	1331	[12|25]	[31401|12101]	3	["Vivian_UniqueSkill_Title"]
"Avatar_PassiveSkill_CoreSkillLevelUp"	1331003	3	[10|110508]	[28000|4]	35	TRUE	["Vivian_UniqueSkill_04_Desc"]	1331	[24|25]	[31401|12101]	4	["Vivian_UniqueSkill_Title"]
"Avatar_PassiveSkill_CoreSkillLevelUp"	1331004	4	[10|110508|110005]	[60000|9|2]	45	TRUE	["Vivian_UniqueSkill_05_Desc"]	1331	[24|50]	[31401|12101]	5	["Vivian_UniqueSkill_Title"]
"Avatar_PassiveSkill_CoreSkillLevelUp"	1331005	5	[10|110508|110005]	[100000|15|3]	55	TRUE	["Vivian_UniqueSkill_06_Desc"]	1331	[36|50]	[31401|12101]	6	["Vivian_UniqueSkill_Title"]
"Avatar_PassiveSkill_CoreSkillLevelUp"	1331006	6	[10|110508|110005]	[200000|30|4]	60	TRUE	["Vivian_UniqueSkill_07_Desc"]	1331	[36|75]	[31401|12101]	7	["Vivian_UniqueSkill_Title"]
"Avatar_PassiveSkill_CoreSkillLevelUp"	1351001	1	[10]	[5000]	15	TRUE	["Pulchra_UniqueSkill_02_Desc"]	1351	[6|0]	[12201|12101]	2	["Pulchra_UniqueSkill_Title"]
"Avatar_PassiveSkill_CoreSkillLevelUp"	1351002	2	[10|110507]	[12000|2]	25	TRUE	["Pulchra_UniqueSkill_03_Desc"]	1351	[6|25]	[12201|12101]	3	["Pulchra_UniqueSkill_Title"]
"Avatar_PassiveSkill_CoreSkillLevelUp"	1351003	3	[10|110507]	[28000|4]	35	TRUE	["Pulchra_UniqueSkill_04_Desc"]	1351	[12|25]	[12201|12101]	4	["Pulchra_UniqueSkill_Title"]
"Avatar_PassiveSkill_CoreSkillLevelUp"	1351004	4	[10|110507|110004]	[60000|9|2]	45	TRUE	["Pulchra_UniqueSkill_05_Desc"]	1351	[12|50]	[12201|12101]	5	["Pulchra_UniqueSkill_Title"]
"Avatar_PassiveSkill_CoreSkillLevelUp"	1351005	5	[10|110507|110004]	[100000|15|3]	55	TRUE	["Pulchra_UniqueSkill_06_Desc"]	1351	[18|50]	[12201|12101]	6	["Pulchra_UniqueSkill_Title"]
"Avatar_PassiveSkill_CoreSkillLevelUp"	1351006	6	[10|110507|110004]	[200000|30|4]	60	TRUE	["Pulchra_UniqueSkill_07_Desc"]	1351	[18|75]	[12201|12101]	7	["Pulchra_UniqueSkill_Title"]
"Avatar_PassiveSkill_CoreSkillLevelUp"	1361001	1	[10]	[5000]	15	TRUE	["Trigger_UniqueSkill_02_Desc"]	1361	[6|0]	[12201|12101]	2	["Trigger_UniqueSkill_Title"]
"Avatar_PassiveSkill_CoreSkillLevelUp"	1361002	2	[10|110509]	[12000|2]	25	TRUE	["Trigger_UniqueSkill_03_Desc"]	1361	[6|25]	[12201|12101]	3	["Trigger_UniqueSkill_Title"]
"Avatar_PassiveSkill_CoreSkillLevelUp"	1361003	3	[10|110509]	[28000|4]	35	TRUE	["Trigger_UniqueSkill_04_Desc"]	1361	[12|25]	[12201|12101]	4	["Trigger_UniqueSkill_Title"]
"Avatar_PassiveSkill_CoreSkillLevelUp"	1361004	4	[10|110509|110001]	[60000|9|2]	45	TRUE	["Trigger_UniqueSkill_05_Desc"]	1361	[12|50]	[12201|12101]	5	["Trigger_UniqueSkill_Title"]
"Avatar_PassiveSkill_CoreSkillLevelUp"	1361005	5	[10|110509|110001]	[100000|15|3]	55	TRUE	["Trigger_UniqueSkill_06_Desc"]	1361	[18|50]	[12201|12101]	6	["Trigger_UniqueSkill_Title"]
"Avatar_PassiveSkill_CoreSkillLevelUp"	1361006	6	[10|110509|110001]	[200000|30|4]	60	TRUE	["Trigger_UniqueSkill_07_Desc"]	1361	[18|75]	[12201|12101]	7	["Trigger_UniqueSkill_Title"]
"Avatar_PassiveSkill_CoreSkillLevelUp"	1371001	1	[10]	[5000]	15	TRUE	["YiXuan_UniqueSkill_02_Desc"]	1371	[480|0]	[20101|11101]	2	["YiXuan_UniqueSkill_Title"]
"Avatar_PassiveSkill_CoreSkillLevelUp"	1371002	2	[10|110510]	[12000|2]	25	TRUE	["YiXuan_UniqueSkill_03_Desc"]	1371	[480|140]	[20101|11101]	3	["YiXuan_UniqueSkill_Title"]
"Avatar_PassiveSkill_CoreSkillLevelUp"	1371003	3	[10|110510]	[28000|4]	35	TRUE	["YiXuan_UniqueSkill_04_Desc"]	1371	[960|140]	[20101|11101]	4	["YiXuan_UniqueSkill_Title"]
"Avatar_PassiveSkill_CoreSkillLevelUp"	1371004	4	[10|110510|110006]	[60000|9|2]	45	TRUE	["YiXuan_UniqueSkill_05_Desc"]	1371	[960|280]	[20101|11101]	5	["YiXuan_UniqueSkill_Title"]
"Avatar_PassiveSkill_CoreSkillLevelUp"	1371005	5	[10|110510|110006]	[100000|15|3]	55	TRUE	["YiXuan_UniqueSkill_06_Desc"]	1371	[1440|280]	[20101|11101]	6	["YiXuan_UniqueSkill_Title"]
"Avatar_PassiveSkill_CoreSkillLevelUp"	1371006	6	[10|110510|110006]	[200000|30|4]	60	TRUE	["YiXuan_UniqueSkill_07_Desc"]	1371	[1440|420]	[20101|11101]	7	["YiXuan_UniqueSkill_Title"]
"Avatar_PassiveSkill_CoreSkillLevelUp"	1381001	1	[10]	[5000]	15	TRUE	["SilverAnby_UniqueSkill_02_Desc"]	1381	[480|0]	[20101|12101]	2	["SilverAnby_UniqueSkill_Title"]
"Avatar_PassiveSkill_CoreSkillLevelUp"	1381002	2	[10|110509]	[12000|2]	25	TRUE	["SilverAnby_UniqueSkill_03_Desc"]	1381	[480|25]	[20101|12101]	3	["SilverAnby_UniqueSkill_Title"]
"Avatar_PassiveSkill_CoreSkillLevelUp"	1381003	3	[10|110509]	[28000|4]	35	TRUE	["SilverAnby_UniqueSkill_04_Desc"]	1381	[960|25]	[20101|12101]	4	["SilverAnby_UniqueSkill_Title"]
"Avatar_PassiveSkill_CoreSkillLevelUp"	1381004	4	[10|110509|110002]	[60000|9|2]	45	TRUE	["SilverAnby_UniqueSkill_05_Desc"]	1381	[960|50]	[20101|12101]	5	["SilverAnby_UniqueSkill_Title"]
"Avatar_PassiveSkill_CoreSkillLevelUp"	1381005	5	[10|110509|110002]	[100000|15|3]	55	TRUE	["SilverAnby_UniqueSkill_06_Desc"]	1381	[1440|50]	[20101|12101]	6	["SilverAnby_UniqueSkill_Title"]
"Avatar_PassiveSkill_CoreSkillLevelUp"	1381006	6	[10|110509|110002]	[200000|30|4]	60	TRUE	["SilverAnby_UniqueSkill_07_Desc"]	1381	[1440|75]	[20101|12101]	7	["SilverAnby_UniqueSkill_Title"]
"Avatar_PassiveSkill_CoreSkillLevelUp"	1391001	1	[10]	[5000]	15	TRUE	["Jufufu_UniqueSkill_02_Desc"]	1391	[480|0]	[20101|12101]	2	["Jufufu_UniqueSkill_Title"]
"Avatar_PassiveSkill_CoreSkillLevelUp"	1391002	2	[10|110510]	[12000|2]	25	TRUE	["Jufufu_UniqueSkill_03_Desc"]	1391	[480|25]	[20101|12101]	3	["Jufufu_UniqueSkill_Title"]
"Avatar_PassiveSkill_CoreSkillLevelUp"	1391003	3	[10|110510]	[28000|4]	35	TRUE	["Jufufu_UniqueSkill_04_Desc"]	1391	[960|25]	[20101|12101]	4	["Jufufu_UniqueSkill_Title"]
"Avatar_PassiveSkill_CoreSkillLevelUp"	1391004	4	[10|110510|110006]	[60000|9|2]	45	TRUE	["Jufufu_UniqueSkill_05_Desc"]	1391	[960|50]	[20101|12101]	5	["Jufufu_UniqueSkill_Title"]
"Avatar_PassiveSkill_CoreSkillLevelUp"	1391005	5	[10|110510|110006]	[100000|15|3]	55	TRUE	["Jufufu_UniqueSkill_06_Desc"]	1391	[1440|50]	[20101|12101]	6	["Jufufu_UniqueSkill_Title"]
"Avatar_PassiveSkill_CoreSkillLevelUp"	1391006	6	[10|110510|110006]	[200000|30|4]	60	TRUE	["Jufufu_UniqueSkill_07_Desc"]	1391	[1440|75]	[20101|12101]	7	["Jufufu_UniqueSkill_Title"]
"Avatar_PassiveSkill_CoreSkillLevelUp"	1401001	1	[10]	[5000]	15	TRUE	["Alice_UniqueSkill_02_Desc"]	1401	[12|0]	[31401|12101]	2	["Alice_UniqueSkill_Title"]
"Avatar_PassiveSkill_CoreSkillLevelUp"	1401002	2	[10|110511]	[12000|2]	25	TRUE	["Alice_UniqueSkill_03_Desc"]	1401	[12|25]	[31401|12101]	3	["Alice_UniqueSkill_Title"]
"Avatar_PassiveSkill_CoreSkillLevelUp"	1401003	3	[10|110511]	[28000|4]	35	TRUE	["Alice_UniqueSkill_04_Desc"]	1401	[24|25]	[31401|12101]	4	["Alice_UniqueSkill_Title"]
"Avatar_PassiveSkill_CoreSkillLevelUp"	1401004	4	[10|110511|110005]	[60000|9|2]	45	TRUE	["Alice_UniqueSkill_05_Desc"]	1401	[24|50]	[31401|12101]	5	["Alice_UniqueSkill_Title"]
"Avatar_PassiveSkill_CoreSkillLevelUp"	1401005	5	[10|110511|110005]	[100000|15|3]	55	TRUE	["Alice_UniqueSkill_06_Desc"]	1401	[36|50]	[31401|12101]	6	["Alice_UniqueSkill_Title"]
"Avatar_PassiveSkill_CoreSkillLevelUp"	1401006	6	[10|110511|110005]	[200000|30|4]	60	TRUE	["Alice_UniqueSkill_07_Desc"]	1401	[36|75]	[31401|12101]	7	["Alice_UniqueSkill_Title"]
"Avatar_PassiveSkill_CoreSkillLevelUp"	1411001	1	[10]	[5000]	15	TRUE	["Yuzuha_UniqueSkill_02_Desc"]	1411	[12|0]	[31401|12101]	2	["Yuzuha_UniqueSkill_Title"]
"Avatar_PassiveSkill_CoreSkillLevelUp"	1411002	2	[10|110511]	[12000|2]	25	TRUE	["Yuzuha_UniqueSkill_03_Desc"]	1411	[12|25]	[31401|12101]	3	["Yuzuha_UniqueSkill_Title"]
"Avatar_PassiveSkill_CoreSkillLevelUp"	1411003	3	[10|110511]	[28000|4]	35	TRUE	["Yuzuha_UniqueSkill_04_Desc"]	1411	[24|25]	[31401|12101]	4	["Yuzuha_UniqueSkill_Title"]
"Avatar_PassiveSkill_CoreSkillLevelUp"	1411004	4	[10|110511|110005]	[60000|9|2]	45	TRUE	["Yuzuha_UniqueSkill_05_Desc"]	1411	[24|50]	[31401|12101]	5	["Yuzuha_UniqueSkill_Title"]
"Avatar_PassiveSkill_CoreSkillLevelUp"	1411005	5	[10|110511|110005]	[100000|15|3]	55	TRUE	["Yuzuha_UniqueSkill_06_Desc"]	1411	[36|50]	[31401|12101]	6	["Yuzuha_UniqueSkill_Title"]
"Avatar_PassiveSkill_CoreSkillLevelUp"	1411006	6	[10|110511|110005]	[200000|30|4]	60	TRUE	["Yuzuha_UniqueSkill_07_Desc"]	1411	[36|75]	[31401|12101]	7	["Yuzuha_UniqueSkill_Title"]
"Avatar_PassiveSkill_CoreSkillLevelUp"	1421001	1	[10]	[5000]	15	TRUE	["PanYinhu_UniqueSkill_02_Desc"]	1421	[12|0]	[30501|12101]	2	["PanYinhu_UniqueSkill_Title"]
"Avatar_PassiveSkill_CoreSkillLevelUp"	1421002	2	[10|110510]	[12000|2]	25	TRUE	["PanYinhu_UniqueSkill_03_Desc"]	1421	[12|25]	[30501|12101]	3	["PanYinhu_UniqueSkill_Title"]
"Avatar_PassiveSkill_CoreSkillLevelUp"	1421003	3	[10|110510]	[28000|4]	35	TRUE	["PanYinhu_UniqueSkill_04_Desc"]	1421	[24|25]	[30501|12101]	4	["PanYinhu_UniqueSkill_Title"]
"Avatar_PassiveSkill_CoreSkillLevelUp"	1421004	4	[10|110510|110006]	[60000|9|2]	45	TRUE	["PanYinhu_UniqueSkill_05_Desc"]	1421	[24|50]	[30501|12101]	5	["PanYinhu_UniqueSkill_Title"]
"Avatar_PassiveSkill_CoreSkillLevelUp"	1421005	5	[10|110510|110006]	[100000|15|3]	55	TRUE	["PanYinhu_UniqueSkill_06_Desc"]	1421	[36|50]	[30501|12101]	6	["PanYinhu_UniqueSkill_Title"]
"Avatar_PassiveSkill_CoreSkillLevelUp"	1421006	6	[10|110510|110006]	[200000|30|4]	60	TRUE	["PanYinhu_UniqueSkill_07_Desc"]	1421	[36|75]	[30501|12101]	7	["PanYinhu_UniqueSkill_Title"]
"Avatar_PassiveSkill_CoreSkillLevelUp"	1441001	1	[10]	[5000]	15	TRUE	["Norano_UniqueSkill_02_Desc"]	1441	[480|0]	[20101|12101]	2	["Norano_UniqueSkill_Title"]
"Avatar_PassiveSkill_CoreSkillLevelUp"	1441002	2	[10|110510]	[12000|2]	25	TRUE	["Norano_UniqueSkill_03_Desc"]	1441	[480|25]	[20101|12101]	3	["Norano_UniqueSkill_Title"]
"Avatar_PassiveSkill_CoreSkillLevelUp"	1441003	3	[10|110510]	[28000|4]	35	TRUE	["Norano_UniqueSkill_04_Desc"]	1441	[960|25]	[20101|12101]	4	["Norano_UniqueSkill_Title"]
"Avatar_PassiveSkill_CoreSkillLevelUp"	1441004	4	[10|110510|110006]	[60000|9|2]	45	TRUE	["Norano_UniqueSkill_05_Desc"]	1441	[960|50]	[20101|12101]	5	["Norano_UniqueSkill_Title"]
"Avatar_PassiveSkill_CoreSkillLevelUp"	1441005	5	[10|110510|110006]	[100000|15|3]	55	TRUE	["Norano_UniqueSkill_06_Desc"]	1441	[1440|50]	[20101|12101]	6	["Norano_UniqueSkill_Title"]
"Avatar_PassiveSkill_CoreSkillLevelUp"	1441006	6	[10|110510|110006]	[200000|30|4]	60	TRUE	["Norano_UniqueSkill_07_Desc"]	1441	[1440|75]	[20101|12101]	7	["Norano_UniqueSkill_Title"]
"Avatar_PassiveSkill_CoreSkillLevelUp"	1451001	1	[10]	[5000]	15	TRUE	["Lucia_UniqueSkill_02_Desc"]	1451	[12|0]	[30501|12101]	2	["Lucia_UniqueSkill_Title"]
"Avatar_PassiveSkill_CoreSkillLevelUp"	1451002	2	[10|110511]	[12000|2]	25	TRUE	["Lucia_UniqueSkill_03_Desc"]	1451	[12|25]	[30501|12101]	3	["Lucia_UniqueSkill_Title"]
"Avatar_PassiveSkill_CoreSkillLevelUp"	1451003	3	[10|110511]	[28000|4]	35	TRUE	["Lucia_UniqueSkill_04_Desc"]	1451	[24|25]	[30501|12101]	4	["Lucia_UniqueSkill_Title"]
"Avatar_PassiveSkill_CoreSkillLevelUp"	1451004	4	[10|110511|110005]	[60000|9|2]	45	TRUE	["Lucia_UniqueSkill_05_Desc"]	1451	[24|50]	[30501|12101]	5	["Lucia_UniqueSkill_Title"]
"Avatar_PassiveSkill_CoreSkillLevelUp"	1451005	5	[10|110511|110005]	[100000|15|3]	55	TRUE	["Lucia_UniqueSkill_06_Desc"]	1451	[36|50]	[30501|12101]	6	["Lucia_UniqueSkill_Title"]
"Avatar_PassiveSkill_CoreSkillLevelUp"	1451006	6	[10|110511|110005]	[200000|30|4]	60	TRUE	["Lucia_UniqueSkill_07_Desc"]	1451	[36|75]	[30501|12101]	7	["Lucia_UniqueSkill_Title"]
