BDNKJDKADOM	APGDLLPCHDI	ENGBNAFDCOM	KEBIEAMIGOD	id	HILOINONPKO	NLMBPIBCBBH	FLKKIILGGNP	JHMCJIEEMFB	NMPNLCNNMDB	AMFNILAHGOP	ANBHFDFNIOK
9991253	TRUE	"AbyssText_101001_Dungeon_Unlock_16"	1001	100101	0	1	[]	0	0	"1280010001"	0
9991253	TRUE	"AbyssText_101001_Dungeon_Unlock_17"	1001	100102	0	2	[]	0	0	"30070021"	0
0	TRUE	"AbyssText_101001_Dungeon_Unlock_53"	1001	100103	0	3	[]	0	3	"1071040396"	13099021
0	TRUE	"AbyssText_101001_Dungeon_Unlock_19"	1002	100201	0	1	[]	0	0	"1040140185"	0
0	TRUE	"AbyssText_101001_Dungeon_Unlock_20"	1002	100202	0	2	[]	0	0	"30070028"	0
0	TRUE	"AbyssText_101001_Dungeon_Unlock_53"	1002	100203	0	3	[]	0	0	"1071040396"	0
0	TRUE	"AbyssText_101001_Dungeon_Unlock_22"	0	100204	0	4	[]	0	3	"1060140117"	13099131
0	TRUE	"AbyssText_101001_Dungeon_Unlock_23"	1003	100301	0	1	[]	0	0	"1040140066"	0
0	TRUE	"AbyssText_101001_Dungeon_Unlock_24"	1003	100302	0	2	[]	0	0	"30070036"	0
0	TRUE	"AbyssText_101001_Dungeon_Unlock_53"	1003	100303	0	3	[]	0	0	"1071040396"	0
0	TRUE	"AbyssText_101001_Dungeon_Unlock_26"	0	100304	0	4	[]	0	3	"1060140118"	13099141
0	TRUE	"AbyssText_101001_Dungeon_Unlock_50"	1004	100401	0	1	[]	0	0	"30070042"	0
0	TRUE	"AbyssText_101001_Dungeon_Unlock_29"	1004	100402	0	3	[]	0	3	"1060140119"	13099081
0	TRUE	"AbyssText_101001_Dungeon_Unlock_35"	1004	100403	0	2	[]	0	0	"1071040397"	0
0	TRUE	"AbyssText_101001_Dungeon_Unlock_30"	1005	100501	0	1	[]	0	0	"1071040409"	0
0	TRUE	"AbyssText_101001_Dungeon_Unlock_31"	1005	100502	0	2	[]	0	3	"1060140120"	10019911
0	TRUE	"AbyssText_101001_Dungeon_Unlock_32"	1006	100601	0	1	[]	0	0	"30070018"	0
0	TRUE	"AbyssText_101001_Dungeon_Unlock_33"	1006	100602	0	2	[]	0	3	"1071040395"	13099021
0	TRUE	"AbyssText_101001_Dungeon_Unlock_34"	1007	100701	0	1	[]	0	0	"30070025"	0
0	TRUE	"AbyssText_101001_Dungeon_Unlock_35"	0	100702	0	2	[]	0	0	"1071040043"	0
0	TRUE	"AbyssText_101001_Dungeon_Unlock_36"	1008	100801	0	1	[]	0	0	"30070030"	0
0	TRUE	"AbyssText_101001_Dungeon_Unlock_37"	0	100802	0	2	[]	0	0	"1071040044"	0
0	TRUE	"AbyssText_101001_Dungeon_Unlock_38"	1009	100901	0	1	[]	0	0	"30070035"	0
0	TRUE	"AbyssText_101001_Dungeon_Unlock_39"	0	100902	0	2	[]	0	0	"1071040045"	0
0	TRUE	"AbyssText_101001_Dungeon_Unlock_40"	1010	101001	0	1	[]	0	0	"30070040"	0
0	TRUE	"AbyssText_101001_Dungeon_Unlock_41"	0	101002	0	2	[]	0	0	"1071040046"	0
0	TRUE	"AbyssText_101001_Dungeon_Unlock_42"	1011	101101	0	1	[]	0	0	"30070032"	0
0	TRUE	"AbyssText_101001_Dungeon_Unlock_43"	0	101102	0	2	[]	0	0	"1071040048"	0
0	TRUE	"AbyssText_101001_Dungeon_Unlock_44"	1012	101201	0	1	[]	0	0	"30070036"	0
0	TRUE	"AbyssText_101001_Dungeon_Unlock_45"	0	101202	0	2	[]	0	0	"1071040049"	0
0	TRUE	"AbyssText_101001_Dungeon_Unlock_46"	1013	101301	0	1	[]	0	0	"30070041"	0
0	TRUE	"AbyssText_101001_Dungeon_Unlock_47"	0	101302	0	2	[]	0	0	"1071040050"	0
0	TRUE	"AbyssText_101001_Dungeon_Unlock_48"	1014	101401	0	1	[]	0	0	"30070038"	0
0	TRUE	"AbyssText_101001_Dungeon_Unlock_49"	0	101402	0	2	[]	0	0	"1071040052"	0
0	TRUE	"AbyssText_101001_Dungeon_Unlock_50"	1015	101501	0	1	[]	0	0	"30070042"	0
0	TRUE	"AbyssText_101001_Dungeon_Unlock_51"	0	101502	0	2	[]	0	0	"1071040053"	0
0	TRUE	"AbyssText_101001_Dungeon_Unlock_52"	1016	101601	0	1	[]	0	0	"1071040224"	0
0	TRUE	"AbyssText_101001_Dungeon_Unlock_17"	1101	110101	0	1	[]	0	0	"30070021"	0
0	TRUE	"AbyssText_101002_Function_UnlockPoint_003"	1102	110201	0	1	[]	0	0	"1040140554"	0
0	TRUE	""	0	110202	0	2	[]	0	0	""	0
0	TRUE	"AbyssText_101002_Dungeon_Unlock_007"	1103	110301	0	1	[]	0	0	"30070020"	0
0	TRUE	"AbyssText_101002_Dungeon_Unlock_008"	1104	110401	0	1	[]	0	0	"30070030"	0
0	TRUE	"AbyssText_101002_Dungeon_Unlock_009"	1105	110501	0	1	[]	0	0	"30070040"	0
0	TRUE	"AbyssText_101002_Dungeon_Unlock_010"	1106	110601	0	1	[]	0	0	"30070042"	0
0	TRUE	"AbyssText_101002_Dungeon_Unlock_012"	1106	110602	0	1	[]	0	0	"1071071057"	0
0	TRUE	"TextMap_Miniscape_Menu_AllCompleted"	1701	110701	0	1	[]	0	0	""	0
0	TRUE	"TextMap_Miniscape_TaskLockedTips"	1702	110702	0	1	[]	0	0	"1042030304"	0
0	TRUE	"AbyssText_101002_Dungeon_Unlock_010"	1108	110801	0	1	[]	0	0	"30070042"	0
0	TRUE	"AbyssText_101002_Dungeon_Unlock_014"	1108	110802	0	1	[]	0	0	"1071071058"	0
0	TRUE	"AbyssText_101002_Function_UnlockPoint_001"	1110	111001	0	1	[]	0	0	"1071071144"	0
0	TRUE	"AbyssText_101002_Function_UnlockPoint_002"	1110	111002	0	1	[]	0	0	"1071071133"	0
0	TRUE	"AbyssText_101002_Dungeon_Unlock_013"	1111	111101	0	1	[]	0	0	"1071071091"	0
0	TRUE	"AbyssText_101002_Dungeon_Unlock_013"	1112	111201	0	1	[]	0	0	"1071071101"	0
0	TRUE	"AbyssText_101002_Dungeon_Unlock_013"	1113	111301	0	1	[]	0	0	"1071071111"	0
0	TRUE	"AbyssText_101002_Dungeon_Unlock_013"	1114	111401	0	1	[]	0	0	"1071071121"	0
0	TRUE	"AbyssText_101002_Dungeon_Unlock_013"	1115	111501	0	1	[]	0	0	"1071071148"	0
0	TRUE	"AbyssText_101002_Dungeon_Unlock_013"	1116	111601	0	1	[]	0	0	"1071071158"	0
0	TRUE	"AbyssText_101002_Dungeon_Unlock_013"	1117	111701	0	1	[]	0	0	"1071071168"	0
0	TRUE	"AbyssText_101002_Dungeon_Unlock_013"	1118	111801	0	1	[]	0	0	"1071071178"	0
0	TRUE	"AbyssText_101002_Dungeon_Unlock_013"	1119	111901	0	1	[]	0	0	"1071071188"	0
0	TRUE	"AbyssText_101002_Dungeon_Unlock_015"	1120	112001	0	1	[]	0	0	"1071040553"	0
0	TRUE	"AbyssText_101002_Dungeon_Unlock_016"	1121	112101	0	1	[]	0	0	"1071071291"	0
0	TRUE	"AbyssText_101002_Dungeon_Unlock_017"	1122	112201	0	1	[]	0	0	"1071071296"	0
0	TRUE	"AbyssText_101002_Dungeon_Unlock_016"	1123	112301	0	1	[]	0	0	"1071071301"	0
0	TRUE	"AbyssText_101002_Dungeon_Unlock_017"	1124	112401	0	1	[]	0	0	"1071071306"	0
0	TRUE	"AbyssText_101002_Dungeon_Unlock_016"	1125	112501	0	1	[]	0	0	"1071071311"	0
0	TRUE	"AbyssText_101002_Dungeon_Unlock_017"	1126	112601	0	1	[]	0	0	"1071071316"	0
0	TRUE	"AbyssText_101002_Dungeon_Unlock_016"	1127	112701	0	1	[]	0	0	"1071071321"	0
0	TRUE	"AbyssText_101002_Dungeon_Unlock_017"	1128	112801	0	1	[]	0	0	"1071071326"	0
0	TRUE	"AbyssText_101002_Dungeon_Unlock_113101"	1131	113101	0	1	[]	0	0	"1071071226"	0
0	TRUE	"AbyssText_101002_Dungeon_Unlock_113201"	1132	113201	0	1	[]	0	0	"1071071223"	0
0	TRUE	"AbyssText_101002_Dungeon_Unlock_113301"	1133	113301	0	1	[]	0	0	"1071071228"	0
0	TRUE	"AbyssText_101002_Dungeon_Unlock_113401"	1134	113401	0	1	[]	0	0	"1071071222"	0
0	TRUE	"AbyssText_101002_Dungeon_Unlock_113501"	1135	113501	0	1	[]	0	0	"1071071227"	0
0	TRUE	"AbyssText_101002_Dungeon_Unlock_113601"	1136	113601	0	1	[]	0	0	"1071071224"	0
0	TRUE	"AbyssText_101002_Dungeon_Unlock_113701"	1137	113701	0	1	[]	0	0	"1071071225"	0
0	TRUE	"ActivityArpeggio_BlessDes1"	2001	200101	0	1	[]	0	0	""	0
0	TRUE	"ActivityArpeggio_BlessDes1"	2001	200102	0	3	[]	0	3	""	0
0	TRUE	"ActivityArpeggio_BlessDes1"	2002	200201	0	1	[]	0	0	""	0
0	TRUE	"ActivityArpeggio_BlessDes1"	2002	200202	0	2	[]	0	0	""	0
0	TRUE	"Elpis_QuestLockTip_MainQuest01"	3001	300101	0	1	[]	0	0	"1100141101"	0
0	TRUE	"Elpis_QuestLockTip_MainQuest01"	3002	300201	0	1	[]	0	0	"1100141102"	0
0	TRUE	"Elpis_QuestLockTip_MainQuest01"	3003	300301	0	1	[]	0	0	"1100141102"	0
0	TRUE	"Elpis_QuestLockTip_300401"	3004	300401	0	1	[]	0	0	"1104020003"	0
0	TRUE	"Elpis_QuestLockTip_300501"	3005	300501	0	1	[]	0	0	"1104020004"	0
0	TRUE	"Elpis_QuestLockTip_MainQuest01"	3006	300601	0	1	[]	0	0	"1100141102"	0
0	TRUE	"(test)继续推进主线任务"	3007	300701	0	1	[]	0	0	"1060060078"	0
0	TRUE	"Elpis_QuestLockTip_MainQuest02"	3008	300801	0	1	[]	0	0	"1100141103"	0
0	TRUE	"Elpis_QuestLockTip_300901"	3009	300901	0	1	[]	0	0	"1104020005"	0
0	TRUE	"Elpis_QuestLockTip_301001"	3010	301001	0	1	[]	0	0	"1104020007"	0
0	TRUE	"Elpis_QuestLockTip_301101"	3011	301101	0	1	[]	0	0	"1104020005"	0
0	TRUE	"Elpis_QuestLockTip_301201"	3012	301201	0	1	[]	0	0	"1104020008"	0
0	TRUE	"Elpis_QuestLockTip_301301"	3013	301301	0	1	[]	0	0	"1100141117"	0
0	TRUE	"(test)继续推进主线任务"	3014	301401	0	1	[]	0	0	"1060060085"	0
0	TRUE	"Elpis_QuestLockTip_MainQuest03"	3015	301501	0	1	[]	0	0	"1100141105"	0
0	TRUE	"Elpis_QuestLockTip_301601"	3016	301601	0	1	[]	0	0	"1104020010"	0
0	TRUE	"Elpis_QuestLockTip_301701"	3017	301701	0	1	[]	0	0	"1104020010"	0
0	TRUE	"Elpis_QuestLockTip_301801"	3018	301801	0	1	[]	0	0	"1104020012"	0
0	TRUE	"Elpis_QuestLockTip_301901"	3019	301901	0	1	[]	0	0	"1104020012"	0
0	TRUE	"Elpis_QuestLockTip_302001"	3020	302001	0	1	[]	0	0	"1100141117"	0
0	TRUE	"Elpis_QuestLockTip_302002"	3020	302002	0	1	[]	0	0	"1100141125"	0
0	TRUE	"(test)继续推进主线任务"	3021	302101	0	1	[]	0	0	"1100141106"	0
0	TRUE	"Elpis_UnlockTIP_TimeHint"	3022	302201	0	1	[]	1277	0	"1102860001"	0
0	TRUE	"Elpis_UnlockTIP_TimeHint"	3023	302301	0	1	[]	1278	0	"1102860002"	0
0	TRUE	"Elpis_UnlockTIP_TimeHint"	3024	302401	0	1	[]	1279	0	"1102860003"	0
0	TRUE	"Elpis_QuestLockTip_MainQuest01"	3025	302501	0	1	[]	0	0	"1100060074"	0
0	TRUE	"Elpis_QuestLockTip_MainQuest01"	3026	302601	0	1	[]	0	0	"1100060068"	0
0	TRUE	"Elpis_UnlockTIP_TimeHint"	3027	302701	0	1	[]	1278	0	"1102860002"	0
0	TRUE	"Elpis_QuestLockTip_MainQuest02"	3027	302702	0	1	[]	0	0	"1100141139"	0
0	TRUE	"Elpis_UnlockTIP_TimeHint"	3028	302801	0	1	[]	1279	0	"1102860003"	0
0	TRUE	"Elpis_QuestLockTip_MainQuest02"	3028	302802	0	1	[]	0	0	"1100141139"	0
0	TRUE	"Elpis_QuestLockTip_MainQuest03"	3028	302803	0	1	[]	0	0	"1100141140"	0
0	TRUE	"OVAUnlockTIP_TimeHint1"	4001	400101	0	1	[]	1246	0	""	0
0	TRUE	"OVAUnlockTIP_BattleHint1"	4001	400102	0	1	[]	0	0	"1100430001"	0
0	TRUE	"OVAUnlockTIP_TimeHint2"	4002	400201	0	1	[]	1247	0	""	0
0	TRUE	"OVAUnlockTIP_BattleHint2"	4002	400202	0	1	[]	0	0	"1100430002"	0
0	TRUE	"OVAUnlockTIP_TimeHint3"	4003	400301	0	1	[]	1247	0	""	0
0	TRUE	"OVAUnlockTIP_BattleHint3"	4003	400302	0	1	[]	0	0	"1100430003"	0
0	TRUE	"OVAUnlockTIP_TimeHint4"	4004	400401	0	1	[]	1227	0	""	0
0	TRUE	"OVAUnlockTIP_BattleHint4"	4004	400402	0	1	[]	0	0	"1100440001"	0
0	TRUE	"OVAUnlockTIP_TimeHint5"	4005	400501	0	1	[]	1228	0	""	0
0	TRUE	"OVAUnlockTIP_BattleHint5"	4005	400502	0	1	[]	0	0	"1100440002"	0
0	TRUE	"OVAUnlockTIP_TimeHint6"	4006	400601	0	1	[]	1228	0	""	0
0	TRUE	"OVAUnlockTIP_BattleHint6"	4006	400602	0	1	[]	0	0	"1100440003"	0
0	TRUE	"TriggerTIP_TimeHint1"	4007	400701	0	1	[]	1290	0	""	0
0	TRUE	"TriggerTIP_BattleHint1"	4007	400702	0	1	[]	0	0	"12570005"	0
0	TRUE	"TriggerTIP_TimeHint2"	4008	400801	0	1	[]	1290	0	""	0
0	TRUE	"TriggerTIP_BattleHint2"	4008	400802	0	1	[]	0	0	"12570006"	0
0	TRUE	"TriggerTIP_TimeHint3"	4009	400901	0	1	[]	1291	0	""	0
0	TRUE	"TriggerTIP_BattleHint3"	4009	400902	0	1	[]	0	0	"12570007"	0
0	TRUE	"TriggerTIP_TimeHint4"	4010	401001	0	1	[]	1291	0	""	0
0	TRUE	"TriggerTIP_BattleHint4"	4010	401002	0	1	[]	0	0	"12570008"	0
0	TRUE	"TriggerTIP_TimeHint5"	4011	401101	0	1	[]	1291	0	""	0
0	TRUE	"TriggerTIP_BattleHint5"	4011	401102	0	1	[]	0	0	"12570009"	0
0	TRUE	"TriggerTIP_TimeHint6"	4012	401201	0	1	[]	1292	0	""	0
0	TRUE	"TriggerTIP_BattleHint6"	4012	401202	0	1	[]	0	0	"12570010"	0
0	TRUE	"TriggerTIP_TimeHint7"	4013	401301	0	1	[]	1292	0	""	0
0	TRUE	"TriggerTIP_BattleHint7"	4013	401302	0	1	[]	0	0	"12570011"	0
0	TRUE	"TriggerTIP_TimeHint8"	4014	401401	0	1	[]	1292	0	""	0
0	TRUE	"TriggerTIP_BattleHint8"	4014	401402	0	1	[]	0	0	"12570012"	0
0	TRUE	"TriggerTIP_TimeHint9"	4015	401501	0	1	[]	1292	0	""	0
0	TRUE	"TriggerTIP_BattleHint9"	4015	401502	0	1	[]	0	0	"12570013"	0
0	TRUE	"SPAnbiTIP_TimeHint1"	4016	401601	0	1	[]	1336	0	""	0
0	TRUE	"SPAnbiTIP_BattleHint1"	4016	401602	0	1	[]	0	0	"12570015"	0
0	TRUE	"SPAnbiTIP_TimeHint2"	4017	401701	0	1	[]	1337	0	""	0
0	TRUE	"SPAnbiTIP_BattleHint2"	4017	401702	0	1	[]	0	0	"70419020"	0
0	TRUE	"SPAnbiTIP_TimeHint3"	4018	401801	0	1	[]	1337	0	""	0
0	TRUE	"SPAnbiTIP_BattleHint3"	4018	401802	0	1	[]	0	0	"12570016"	0
0	TRUE	"SPAnbiTIP_TimeHint4"	4019	401901	0	1	[]	1338	0	""	0
0	TRUE	"SPAnbiTIP_BattleHint4"	4019	401902	0	1	[]	0	0	"70420020"	0
0	TRUE	"SPAnbiTIP_TimeHint5"	4020	402001	0	1	[]	1338	0	""	0
0	TRUE	"SPAnbiTIP_BattleHint5"	4020	402002	0	1	[]	0	0	"70421020"	0
0	TRUE	"PulchraTIP_TimeHint1"	4021	402101	0	1	[]	1311	0	""	0
0	TRUE	"PulchraTIP_BattleHint1"	4021	402102	0	1	[]	0	0	"1100141142"	0
0	TRUE	"PulchraTIP_TimeHint2"	4022	402201	0	1	[]	1312	0	""	0
0	TRUE	"PulchraTIP_BattleHint2"	4022	402202	0	1	[]	0	0	"1100141143"	0
0	TRUE	"PulchraTIP_TimeHint3"	4023	402301	0	1	[]	1313	0	""	0
0	TRUE	"PulchraTIP_BattleHint3"	4023	402302	0	1	[]	0	0	"1100141144"	0
0	TRUE	"PulchraTIP_TimeHint4"	4024	402401	0	1	[]	1314	0	""	0
0	TRUE	"PulchraTIP_BattleHint4"	4024	402402	0	1	[]	0	0	"1100141145"	0
0	TRUE	"FoodTruckActivity_TimeHint"	4031	403101	0	1	[]	1367	0	""	0
0	TRUE	"FoodTruckActivity_OrderHint"	4031	403102	0	1	[]	0	0	"1040140699"	0
0	TRUE	"FoodTruckActivity_TimeHint"	4032	403201	0	1	[]	1368	0	""	0
0	TRUE	"FoodTruckActivity_OrderHint"	4032	403202	0	1	[]	0	0	"1040140700"	0
0	TRUE	"FoodTruckActivity_TimeHint"	4033	403301	0	1	[]	1369	0	""	0
0	TRUE	"FoodTruckActivity_OrderHint"	4033	403302	0	1	[]	0	0	"1040140701"	0
0	TRUE	"FoodTruckActivity_TimeHint"	4034	403401	0	1	[]	1370	0	""	0
0	TRUE	"FoodTruckActivity_OrderHint"	4034	403403	0	1	[]	0	0	"1040140702"	0
0	TRUE	"JufufuActivityTIP_TimeHint1"	4041	403501	0	1	[]	0	0	""	0
0	TRUE	"JufufuActivityTIP_BattleHint1"	4041	403502	0	1	[]	0	0	"70573020"	0
0	TRUE	"JufufuActivityTIP_TimeHint2"	4042	403601	0	1	[]	0	0	""	0
0	TRUE	"JufufuActivityTIP_BattleHint2"	4042	403602	0	1	[]	0	0	"12570018"	0
0	TRUE	"JufufuActivityTIP_TimeHint3"	4043	403701	0	1	[]	0	0	""	0
0	TRUE	"JufufuActivityTIP_BattleHint3"	4043	403702	0	1	[]	0	0	"70574020"	0
0	TRUE	"JufufuActivityTIP_TimeHint4"	4044	403801	0	1	[]	0	0	""	0
0	TRUE	"JufufuActivityTIP_BattleHint4"	4044	403802	0	1	[]	0	0	"12570019"	0
0	TRUE	"JufufuActivityTIP_TimeHint5"	4045	403901	0	1	[]	0	0	""	0
0	TRUE	"JufufuActivityTIP_BattleHint5"	4045	403902	0	1	[]	0	0	"70575020"	0
0	TRUE	"JufufuActivityTIP_TimeHint6"	4046	404001	0	1	[]	0	0	""	0
0	TRUE	"JufufuActivityTIP_BattleHint6"	4046	404002	0	1	[]	0	0	"12570020"	0
0	TRUE	"JufufuActivityTIP_TimeHint7"	4047	404101	0	1	[]	0	0	""	0
0	TRUE	"JufufuActivityTIP_BattleHint7"	4047	404102	0	1	[]	0	0	"70579020"	0
0	TRUE	"JufufuActivityTIP_TimeHint1"	4048	404801	0	1	[]	0	0	""	0
0	TRUE	"JufufuActivityTIP_BattleHint1"	4048	404802	0	1	[]	0	0	"6003502"	0
0	TRUE	"JufufuActivityTIP_TimeHint2"	4049	404901	0	1	[]	0	0	""	0
0	TRUE	"JufufuActivityTIP_BattleHint2"	4049	404902	0	1	[]	0	0	"12570022"	0
0	TRUE	"JufufuActivityTIP_TimeHint3"	4050	405001	0	1	[]	0	0	""	0
0	TRUE	"JufufuActivityTIP_BattleHint3"	4050	405002	0	1	[]	0	0	"12570023"	0
0	TRUE	"JufufuActivityTIP_TimeHint4"	4051	405101	0	1	[]	0	0	""	0
0	TRUE	"JufufuActivityTIP_BattleHint4"	4051	405102	0	1	[]	0	0	"12570024"	0
0	TRUE	"JufufuActivityTIP_TimeHint5"	4052	405201	0	1	[]	0	0	""	0
0	TRUE	"JufufuActivityTIP_BattleHint5"	4052	405202	0	1	[]	0	0	"12570025"	0
0	TRUE	"JufufuActivityTIP_TimeHint1"	4053	405301	0	1	[]	0	0	""	0
0	TRUE	"JufufuActivityTIP_BattleHint1"	4053	405302	0	1	[]	0	0	"6003602"	0
0	TRUE	"JufufuActivityTIP_TimeHint2"	4054	405401	0	1	[]	0	0	""	0
0	TRUE	"JufufuActivityTIP_BattleHint2"	4054	405402	0	1	[]	0	0	"12570026"	0
0	TRUE	"JufufuActivityTIP_TimeHint3"	4055	405501	0	1	[]	0	0	""	0
0	TRUE	"JufufuActivityTIP_BattleHint3"	4055	405502	0	1	[]	0	0	"12570027"	0
0	TRUE	"JufufuActivityTIP_TimeHint4"	4056	405601	0	1	[]	0	0	""	0
0	TRUE	"JufufuActivityTIP_BattleHint4"	4056	405602	0	1	[]	0	0	"12570028"	0
0	TRUE	"JufufuActivityTIP_TimeHint5"	4057	405701	0	1	[]	0	0	""	0
0	TRUE	"JufufuActivityTIP_BattleHint5"	4057	405702	0	1	[]	0	0	"12570029"	0
0	TRUE	"Elpis_UnlockTIP_TimeHint"	5001	500101	0	1	[]	1294	0	""	0
0	TRUE	"Elpis_UnlockTIP_UnlockLevel_02_1"	5001	500102	0	2	[]	0	0	"1100140406"	0
0	TRUE	"Elpis_UnlockTIP_UnlockLevel_02_2"	5001	500103	0	3	[]	0	0	"1100140437"	0
0	TRUE	"Elpis_UnlockTIP_TimeHint"	5002	500201	0	1	[]	1295	0	""	0
0	TRUE	"Elpis_UnlockTIP_UnlockLevel_03_1"	5002	500202	0	2	[]	0	0	"1100140409"	0
0	TRUE	"Elpis_UnlockTIP_UnlockLevel_03_2"	5002	500203	0	3	[]	0	0	"1100140439"	0
0	TRUE	"Elpis_UnlockTIP_TimeHint"	5003	500301	0	1	[]	1296	0	""	0
0	TRUE	"Elpis_UnlockTIP_UnlockLevel_04_1"	5003	500302	0	2	[]	0	0	"1100140411"	0
0	TRUE	"Elpis_UnlockTIP_UnlockLevel_04_2"	5003	500303	0	3	[]	0	0	"1100140440"	0
0	TRUE	""	5010	501001	0	1	[]	1351	0	""	0
0	TRUE	"Flower_UnlockTIP_BattleHint_1"	5010	501002	0	2	[]	0	0	"1100141170"	0
0	TRUE	""	5011	501101	0	1	[]	1355	0	""	0
0	TRUE	"Flower_UnlockTIP_BattleHint_2"	5011	501102	0	2	[]	0	0	"1100141171"	0
0	TRUE	""	5012	501201	0	1	[]	1353	0	""	0
0	TRUE	"Flower_UnlockTIP_BattleHint_3"	5012	501202	0	2	[]	0	0	"1100141431"	0
0	TRUE	"Photo_UnlockTip_CondHint01"	5013	501301	0	1	[]	3006	0	"70510001"	0
0	TRUE	"Photo_UnlockTip_CondHint02"	5014	501401	0	1	[]	3006	0	"70510006"	0
0	TRUE	"Photo_UnlockTip_CondHint03"	5015	501501	0	1	[]	3007	0	"70510002"	0
0	TRUE	"Photo_UnlockTip_CondHint04"	5016	501601	0	1	[]	3007	0	"70510007"	0
0	TRUE	"Photo_UnlockTip_CondHint05"	5017	501701	0	1	[]	3008	0	"70510003"	0
0	TRUE	"Photo_UnlockTip_CondHint06"	5018	501801	0	1	[]	3008	0	"70510008"	0
0	TRUE	"Photo_UnlockTip_CondHint07"	5019	501901	0	1	[]	3009	0	"70510004"	0
0	TRUE	"Photo_UnlockTip_CondHint08"	5020	502001	0	1	[]	3009	0	"70510009"	0
0	TRUE	"Photo_UnlockTip_CondHint09"	5021	502101	0	1	[]	3010	0	"70510005"	0
0	TRUE	"Photo_UnlockTip_CondHint10"	5022	502201	0	1	[]	3010	0	"70510010"	0
0	TRUE	""	5023	502301	0	1	[]	1351	0	""	0
0	TRUE	"Flower_UnlockTIP_BattleHint_3"	5023	502302	0	2	[]	0	0	"1100141431"	0
0	TRUE	""	5024	502401	0	1	[]	1355	0	""	0
0	TRUE	"Flower_UnlockTIP_BattleHint_3"	5024	502402	0	2	[]	0	0	"1100141431"	0
0	TRUE	""	5025	502501	0	1	[]	1353	0	""	0
0	TRUE	"Flower_UnlockTIP_BattleHint_4"	5025	502502	0	2	[]	0	0	"1100141207"	0
0	TRUE	"Flower_UnlockTIP_BattleHint_5"	5025	502503	0	2	[]	0	0	"1100141431"	0
0	TRUE	""	5026	502601	0	1	[]	1355	0	""	0
0	TRUE	"Flower_UnlockTIP_BattleHint_4"	5026	502602	0	2	[]	0	0	"1100141208"	0
0	TRUE	"Flower_UnlockTIP_BattleHint_5"	5026	502603	0	2	[]	0	0	"1100141431"	0
0	TRUE	""	5027	502701	0	1	[]	1351	0	""	0
0	TRUE	"Flower_UnlockTIP_BattleHint_4"	5027	502702	0	2	[]	0	0	"1100141206"	0
0	TRUE	"Flower_UnlockTIP_BattleHint_5"	5027	502703	0	2	[]	0	0	"1100141431"	0
0	TRUE	""	6001	600101	0	1	[]	2011	0	""	0
0	TRUE	"Mech_UnlockTips_01"	6001	600102	0	1	[]	0	0	"1100140479"	0
0	TRUE	""	6002	600201	0	1	[]	2013	0	""	0
0	TRUE	"Mech_UnlockTips_02"	6002	600202	0	1	[]	0	0	"1100140480"	0
0	TRUE	""	6003	600301	0	1	[]	2013	0	""	0
0	TRUE	"Mech_UnlockTips_03"	6003	600302	0	1	[]	0	0	"1100140481"	0
0	TRUE	""	6004	600401	0	1	[]	2015	0	""	0
0	TRUE	"Mech_UnlockTips_04"	6004	600402	0	1	[]	0	0	"1100140476"	0
0	TRUE	""	6005	600501	0	1	[]	0	0	""	0
0	TRUE	"Mech_UnlockTips_002"	6005	600502	0	1	[]	0	0	"1100140473"	0
0	TRUE	""	6006	600601	0	1	[]	2011	0	""	0
0	TRUE	"Mech_UnlockTips_003"	6006	600602	0	1	[]	0	0	"1100140474"	0
0	TRUE	""	6007	600701	0	1	[]	2013	0	""	0
0	TRUE	"Mech_UnlockTips_004"	6007	600702	0	1	[]	0	0	"1100140475"	0
0	TRUE	""	6008	600801	0	1	[]	2013	0	""	0
0	TRUE	"Mech_UnlockTips_005"	6008	600802	0	1	[]	0	0	"1100140476"	0
0	TRUE	"Cinema_Unlock_TimeHint"	6010	601001	0	1	[]	1390	0	""	0
0	TRUE	"Cinema_Unlock_Level_1"	6010	601002	0	1	[]	0	0	"1100061013"	0
0	TRUE	"Cinema_Unlock_TimeHint"	6011	601101	0	1	[]	1390	0	""	0
0	TRUE	"Cinema_Unlock_Level_2"	6011	601102	0	1	[]	0	0	"1100061016"	0
0	TRUE	"Cinema_Unlock_TimeHint"	6012	601201	0	1	[]	1391	0	""	0
0	TRUE	"Cinema_Unlock_Level_4"	6012	601202	0	1	[]	0	0	"1100061017"	0
0	TRUE	"Cinema_Unlock_TimeHint"	6013	601301	0	1	[]	1391	0	""	0
0	TRUE	"Cinema_Unlock_Level_4"	6013	601302	0	1	[]	0	0	"1100061017"	0
0	TRUE	"Cinema_Unlock_TimeHint"	6014	601401	0	1	[]	1392	0	""	0
0	TRUE	"Cinema_Unlock_Level_6"	6014	601402	0	1	[]	0	0	"1100061018"	0
0	TRUE	"Cinema_Unlock_TimeHint"	6015	601501	0	1	[]	1392	0	""	0
0	TRUE	"Cinema_Unlock_Level_6"	6015	601502	0	1	[]	0	0	"1100061018"	0
0	TRUE	"Cinema_Unlock_TimeHint"	6016	601601	0	1	[]	1390	0	""	0
0	TRUE	"Cinema_Unlock_Level_1"	6016	601602	0	1	[]	0	0	"1100061019"	0
0	TRUE	"Cinema_Unlock_TimeHint"	6017	601701	0	1	[]	1390	0	""	0
0	TRUE	"Cinema_Unlock_Level_1"	6017	601702	0	1	[]	0	0	"1100061020"	0
0	TRUE	"Cinema_Unlock_TimeHint"	6018	601801	0	1	[]	1390	0	""	0
0	TRUE	"Cinema_Unlock_Level_2"	6018	601802	0	1	[]	0	0	"1100061021"	0
0	TRUE	"Cinema_Unlock_TimeHint"	6019	601901	0	1	[]	1390	0	""	0
0	TRUE	"Cinema_Unlock_Level_2"	6019	601902	0	1	[]	0	0	"1100061022"	0
0	TRUE	"Cinema_Unlock_TimeHint"	6020	602001	0	1	[]	1391	0	""	0
0	TRUE	"Cinema_Unlock_Level_3"	6020	602002	0	1	[]	0	0	"1100061023"	0
0	TRUE	"Cinema_Unlock_TimeHint"	6021	602101	0	1	[]	1390	0	""	0
0	TRUE	"Cinema_Unlock_Level_4"	6021	602102	0	1	[]	0	0	"1100061025"	0
0	TRUE	"Cinema_Unlock_TimeHint"	6022	602201	0	1	[]	1391	0	""	0
0	TRUE	"Cinema_Unlock_Level_4"	6022	602202	0	1	[]	0	0	"1100061024"	0
0	TRUE	"Cinema_Unlock_TimeHint"	6023	602301	0	1	[]	1391	0	""	0
0	TRUE	"Cinema_Unlock_Level_4"	6023	602302	0	1	[]	0	0	"1100061025"	0
0	TRUE	"Cinema_Unlock_TimeHint"	6024	602401	0	1	[]	1392	0	""	0
0	TRUE	"Cinema_Unlock_Level_5"	6024	602402	0	1	[]	0	0	"1100061027"	0
0	TRUE	"Cinema_Unlock_TimeHint"	6025	602501	0	1	[]	1392	0	""	0
0	TRUE	"Cinema_Unlock_Level_6"	6025	602502	0	1	[]	0	0	"1100061028"	0
0	TRUE	"Cinema_Unlock_TimeHint"	6026	602601	0	1	[]	1392	0	""	0
0	TRUE	"Cinema_Unlock_Level_6"	6026	602602	0	1	[]	0	0	"1100061029"	0
0	TRUE	"Cinema_Unlock_TimeHint"	6027	602701	0	1	[]	1392	0	""	0
0	TRUE	"Cinema_Unlock_Level_6"	6027	602702	0	1	[]	0	0	"1100061030"	0
0	TRUE	"SuibianTemple_Unlock_Level_5"	7001	700101	0	1	[]	0	0	"650447005"	0
0	TRUE	"SuibianTemple_Unlock_Level_8"	7002	700201	0	1	[]	0	0	"650447008"	0
0	TRUE	"SuibianTemple_Unlock_Level_35"	7003	700301	0	1	[]	0	0	"650447035"	0
0	TRUE	"SuibianTemple_Unlock_Level_10"	7004	700401	0	1	[]	0	0	"650447010"	0
0	TRUE	"SuibianTemple_Unlock_Level_11"	7005	700501	0	1	[]	0	0	"650447011"	0
0	TRUE	"SuibianTemple_Unlock_Expedition_101_4"	7006	700601	0	2	["SuibianTemple_Expedition_SubUnlockReminder_1"|"SuibianTemple_Expedition_SubUnlockReminder_2"]	0	0	"650430004"	0
0	TRUE	"SuibianTemple_Unlock_Level_13"	7007	700701	0	1	[]	0	0	"650447013"	0
0	TRUE	"SuibianTemple_Unlock_Level_14"	7008	700801	0	1	[]	0	0	"650447014"	0
0	TRUE	"SuibianTemple_Unlock_Expedition_102_4"	7009	700901	0	2	["SuibianTemple_Expedition_SubUnlockReminder_1"|"SuibianTemple_Expedition_SubUnlockReminder_2"]	0	0	"650430008"	0
0	TRUE	"SuibianTemple_Unlock_Level_16"	7010	701001	0	1	[]	0	0	"650447016"	0
0	TRUE	"SuibianTemple_Unlock_Level_17"	7011	701101	0	1	[]	0	0	"650447017"	0
0	TRUE	"SuibianTemple_Unlock_Expedition_103_4"	7012	701201	0	2	["SuibianTemple_Expedition_SubUnlockReminder_1"|"SuibianTemple_Expedition_SubUnlockReminder_2"]	0	0	"650430012"	0
0	TRUE	"SuibianTemple_Unlock_Level_19"	7013	701301	0	1	[]	0	0	"650447019"	0
0	TRUE	"SuibianTemple_Unlock_Level_20"	7014	701401	0	1	[]	0	0	"650447020"	0
0	TRUE	"SuibianTemple_Unlock_Expedition_201_4"	7015	701501	0	2	["SuibianTemple_Expedition_SubUnlockReminder_1"|"SuibianTemple_Expedition_SubUnlockReminder_2"]	0	0	"650430016"	0
0	TRUE	"SuibianTemple_Unlock_Level_22"	7016	701601	0	1	[]	0	0	"650447022"	0
0	TRUE	"SuibianTemple_Unlock_Level_23"	7017	701701	0	0	[]	0	0	"650447023"	0
0	TRUE	"SuibianTemple_Unlock_Expedition_202_4"	7018	701801	0	2	["SuibianTemple_Expedition_SubUnlockReminder_1"|"SuibianTemple_Expedition_SubUnlockReminder_2"]	0	0	"650430020"	0
0	TRUE	"SuibianTemple_Unlock_Level_25"	7019	701901	0	1	[]	0	0	"650447025"	0
0	TRUE	"SuibianTemple_Unlock_Level_26"	7020	702001	0	1	[]	0	0	"650447026"	0
0	TRUE	"SuibianTemple_Unlock_Expedition_203_4"	7021	702101	0	2	["SuibianTemple_Expedition_SubUnlockReminder_1"|"SuibianTemple_Expedition_SubUnlockReminder_2"]	0	0	"650430024"	0
0	TRUE	"SuibianTemple_Unlock_Level_28"	7022	702201	0	1	[]	0	0	"650447028"	0
0	TRUE	"SuibianTemple_Unlock_Level_29"	7023	702301	0	1	[]	0	0	"650447029"	0
0	TRUE	"SuibianTemple_Unlock_Expedition_301_4"	7024	702401	0	2	["SuibianTemple_Expedition_SubUnlockReminder_1"|"SuibianTemple_Expedition_SubUnlockReminder_2"]	0	0	"650430028"	0
0	TRUE	"SuibianTemple_Unlock_Level_31"	7025	702501	0	1	[]	0	0	"650447031"	0
0	TRUE	"SuibianTemple_Unlock_Level_32"	7026	702601	0	1	[]	0	0	"650447032"	0
0	TRUE	"SuibianTemple_Unlock_Expedition_302_4"	7027	702701	0	2	[]	0	0	"650430032"	0
0	TRUE	"SuibianTemple_Unlock_Level_9"	7101	710101	0	1	[]	0	0	"650447009"	0
0	TRUE	"SuibianTemple_Unlock_Level_12"	7102	710201	0	1	[]	0	0	"650447012"	0
0	TRUE	"SuibianTemple_Unlock_Level_15"	7103	710301	0	1	[]	0	0	"650447015"	0
0	TRUE	"SuibianTemple_Unlock_Level_18"	7104	710401	0	1	[]	0	0	"650447018"	0
0	TRUE	"SuibianTemple_Unlock_Level_21"	7105	710501	0	1	[]	0	0	"650447021"	0
0	TRUE	"SuibianTemple_Unlock_Level_24"	7106	710601	0	1	[]	0	0	"650447024"	0
0	TRUE	"SuibianTemple_Unlock_Level_27"	7107	710701	0	1	[]	0	0	"650447027"	0
0	TRUE	"SuibianTemple_Unlock_Level_30"	7108	710801	0	1	[]	0	0	"650447030"	0
0	TRUE	"SuibianTemple_Unlock_Level_15"	7201	720101	0	1	[]	0	0	"650447015"	0
0	TRUE	"SuibianTemple_Unlock_Level_25"	7202	720201	0	1	[]	0	0	"650447025"	0
0	TRUE	"SuibianTemple_Unlock_Level_5"	7203	720301	0	1	[]	0	0	"650447005"	0
0	TRUE	"SuibianTemple_Unlock_Level_15"	7204	720401	0	1	[]	0	0	"650447015"	0
0	TRUE	"SuibianTemple_Unlock_Level_25"	7205	720501	0	1	[]	0	0	"650447025"	0
0	TRUE	"SuibianTemple_Expedition_TimeLimit_1"	7206	720601	0	1	[]	0	0	"650447008&650430052"	0
0	TRUE	"SuibianTemple_YumChaSin_1"	7207	720701	0	1	[]	0	0	"650447020"	0
0	TRUE	"SuibianTemple_Expedition_TimeLimit_1"	7208	720801	0	1	[]	0	0	"650447005"	0
0	TRUE	"SuibianTemple_Expedition_TimeLimit_1"	7209	720901	0	1	[]	0	0	"650447010"	0
0	TRUE	"SuibianTemple_YumChaSin_CondHint01"	8001	800101	0	1	[]	0	0	"650014026"	0
0	TRUE	"SuibianTemple_GroceryShop_CondHint01"	8002	800201	0	1	[]	0	0	"650447008"	0
0	TRUE	"SuibianTemple_GroceryShop_CondHint02"	8002	800202	0	2	[]	0	0	"650014027"	0
0	TRUE	"SuibianTemple_PawnShop_CondHint01"	8003	800301	0	1	[]	0	0	"650447010"	0
0	TRUE	"SuibianTemple_PawnShop_CondHint02"	8003	800302	0	2	[]	0	0	"650014029"	0
0	TRUE	"SuibianTemple_HiveBox_CondHint01"	8004	800401	0	1	[]	0	0	"650447015"	0
0	TRUE	"SuibianTemple_HiveBox_CondHint02"	8004	800402	0	2	[]	0	0	"650014030"	0
0	TRUE	""	8005	800501	0	1	[]	1376	0	""	0
0	TRUE	""	8006	800601	0	1	[]	1377	0	""	0
0	TRUE	"Yum_Unlock2"	8006	800602	0	2	[]	0	0	"70570102"	0
0	TRUE	""	8007	800701	0	1	[]	1378	0	""	0
0	TRUE	"Yum_Unlock3"	8007	800702	0	2	[]	0	0	"70570103"	0
0	TRUE	""	8008	800801	0	1	[]	1379	0	""	0
0	TRUE	"Yum_Unlock4"	8008	800802	0	2	[]	0	0	"70570104"	0
0	TRUE	""	8009	800901	0	1	[]	1380	0	""	0
0	TRUE	"Yum_Unlock5"	8009	800902	0	2	[]	0	0	"70570105"	0
0	TRUE	"MonsterFantasy_LockTipDes_Challenge"	8100	810001	0	1	[]	0	0	"708014009"	0
0	TRUE	"MonsterFantasy_LockTipDes_Monster"	8101	810101	0	1	[]	0	0	"706000521"	0
0	TRUE	""	8201	820101	0	1	[]	1461	0	""	0
0	TRUE	"LockTip_820102"	8201	820102	0	1	[]	0	0	"1100141801"	0
0	TRUE	""	8202	820201	0	1	[]	1461	0	""	0
0	TRUE	"LockTip_820202"	8202	820202	0	1	[]	0	0	"1100141802"	0
0	TRUE	""	8203	820301	0	1	[]	1461	0	""	0
0	TRUE	"LockTip_820302"	8203	820302	0	1	[]	0	0	"708014004"	0
0	TRUE	""	8204	820401	0	1	[]	1461	0	""	0
0	TRUE	"LockTip_820402"	8204	820402	0	1	[]	0	0	"1100141804"	0
0	TRUE	""	8205	820501	0	1	[]	1461	0	""	0
0	TRUE	"LockTip_820502"	8205	820502	0	1	[]	0	0	"708014006"	0
0	TRUE	""	8206	820601	0	1	[]	1461	0	""	0
0	TRUE	"LockTip_820602"	8206	820602	0	1	[]	0	0	"1100141805"	0
0	TRUE	""	8207	820701	0	1	[]	1461	0	""	0
0	TRUE	"LockTip_820702"	8207	820702	0	1	[]	0	0	"708014007"	0
0	TRUE	""	8208	820801	0	1	[]	1461	0	""	0
0	TRUE	"LockTip_820802"	8208	820802	0	1	[]	0	0	"708014008"	0
0	TRUE	""	8209	820901	0	1	[]	1461	0	""	0
0	TRUE	"LockTip_820902"	8209	820902	0	1	[]	0	0	"708014009"	0
0	TRUE	""	8210	821001	0	1	[]	1461	0	""	0
0	TRUE	"LockTip_821002"	8210	821002	0	1	[]	0	0	"708014009"	0
0	TRUE	""	8211	821101	0	1	[]	1461	0	""	0
0	TRUE	"LockTip_821102"	8211	821102	0	1	[]	0	0	"1100141800"	0
0	TRUE	""	8212	821201	0	1	[]	1461	0	""	0
0	TRUE	"LockTip_821202"	8212	821202	0	1	[]	0	0	"708014002"	0
0	TRUE	""	8213	821301	0	1	[]	1461	0	""	0
0	TRUE	"LockTip_821302"	8213	821302	0	1	[]	0	0	"708014005"	0
0	TRUE	""	8214	821401	0	1	[]	1461	0	""	0
0	TRUE	"LockTip_821402"	8214	821402	0	1	[]	0	0	"708014007"	0
0	TRUE	""	8215	821501	0	1	[]	1461	0	""	0
0	TRUE	"LockTip_821502"	8215	821502	0	1	[]	0	0	"708014008"	0
0	TRUE	""	8301	830101	0	1	[]	1462	0	""	0
0	TRUE	"LockTip_830102"	8301	830102	0	1	[]	0	0	"708014101"	0
0	TRUE	""	8302	830201	0	1	[]	1462	0	""	0
0	TRUE	"LockTip_830202"	8302	830202	0	1	[]	0	0	"708014102"	0
0	TRUE	""	8303	830301	0	1	[]	1462	0	""	0
0	TRUE	"LockTip_830302"	8303	830302	0	1	[]	0	0	"708014103"	0
0	TRUE	""	8304	830401	0	1	[]	1462	0	""	0
0	TRUE	"LockTip_830402"	8304	830402	0	1	[]	0	0	"708014104"	0
0	TRUE	""	8305	830501	0	1	[]	1462	0	""	0
0	TRUE	"LockTip_830502"	8305	830502	0	1	[]	0	0	"708014105"	0
0	TRUE	""	8306	830601	0	1	[]	1462	0	""	0
0	TRUE	"LockTip_830602"	8306	830602	0	1	[]	0	0	"708014106"	0
0	TRUE	""	8401	840101	0	1	[]	1463	0	""	0
0	TRUE	"LockTip_840102"	8401	840102	0	1	[]	0	0	"708014201"	0
0	TRUE	""	8402	840201	0	1	[]	1463	0	""	0
0	TRUE	"LockTip_840202"	8402	840202	0	1	[]	0	0	"708014202"	0
0	TRUE	""	8403	840301	0	1	[]	1463	0	""	0
0	TRUE	"LockTip_840302"	8403	840302	0	1	[]	0	0	"708014203"	0
0	TRUE	""	8404	840401	0	1	[]	1463	0	""	0
0	TRUE	"LockTip_840402"	8404	840402	0	1	[]	0	0	"708014204"	0
0	TRUE	""	8405	840501	0	1	[]	1463	0	""	0
0	TRUE	"LockTip_840502"	8405	840502	0	1	[]	0	0	"708014205"	0
0	TRUE	""	8406	840601	0	1	[]	1463	0	""	0
0	TRUE	"LockTip_840602"	8406	840602	0	1	[]	0	0	"708014206"	0
0	TRUE	""	8501	850101	0	1	[]	1462	0	""	0
0	TRUE	"LockTip_850102"	8501	850102	0	1	[]	0	0	"708014009"	0
0	TRUE	""	8502	850201	0	1	[]	1463	0	""	0
0	TRUE	"LockTip_850202"	8502	850202	0	1	[]	0	0	"708014106"	0
0	TRUE	""	8601	860101	0	1	[]	1461	0	""	0
0	TRUE	"LockTip_860102"	8601	860102	0	1	[]	0	0	"708006001"	0
0	TRUE	""	8602	860201	0	1	[]	1461	0	""	0
0	TRUE	"LockTip_860202"	8602	860202	0	1	[]	0	0	"708014301"	0
0	TRUE	""	8603	860301	0	1	[]	1461	0	""	0
0	TRUE	"LockTip_860302"	8603	860302	0	1	[]	0	0	"708014302"	0
0	TRUE	""	8604	860401	0	1	[]	1462	0	""	0
0	TRUE	"LockTip_860402"	8604	860402	0	1	[]	0	0	"708014304"	0
0	TRUE	""	8702	870201	0	1	[]	1479	0	""	0
0	TRUE	"LockTip_870202"	8702	870202	0	1	[]	0	0	"708014401"	0
0	TRUE	""	8703	870301	0	1	[]	1479	0	""	0
0	TRUE	"LockTip_870302"	8703	870302	0	1	[]	0	0	"708014402"	0
0	TRUE	""	8704	870401	0	1	[]	1479	0	""	0
0	TRUE	"LockTip_870402"	8704	870402	0	1	[]	0	0	"708014403"	0
0	TRUE	"LockTip_900101"	9001	900101	0	1	[]	0	0	"1100141563"	0
0	TRUE	""	9002	900201	0	1	[]	1422	0	""	0
0	TRUE	"LockTip_900202"	9002	900202	0	2	[]	0	0	"1100141564"	0
0	TRUE	""	9003	900301	0	1	[]	1423	0	""	0
0	TRUE	"LockTip_900302"	9003	900302	0	2	[]	0	0	"1100141565"	0
0	TRUE	"LockTip_900401"	9004	900401	0	1	[]	0	0	"1100141566"	0
0	TRUE	""	9005	900501	0	1	[]	1422	0	""	0
0	TRUE	"LockTip_900502"	9005	900502	0	1	[]	0	0	"1100141567"	0
0	TRUE	""	9006	900601	0	1	[]	1423	0	""	0
0	TRUE	"LockTip_900602"	9006	900602	0	1	[]	0	0	"1100141568"	0
0	TRUE	"LockTip_900701"	9007	900701	0	1	[]	0	0	"1100141653"	0
0	TRUE	"LockTip_900801"	9008	900801	0	1	[]	0	0	"1100141570"	0
0	TRUE	""	9009	900901	0	1	[]	1422	0	""	0
0	TRUE	"LockTip_900901"	9009	900902	0	1	[]	0	0	"1100141571"	0
0	TRUE	""	9010	901001	0	1	[]	1423	0	""	0
0	TRUE	"LockTip_901001"	9010	901002	0	1	[]	0	0	"1100141572"	0
0	TRUE	"LockTip_901101"	9011	901101	0	1	[]	0	0	"1100141573"	0
0	TRUE	"LockTip_901201"	9012	901201	0	1	[]	0	0	"1100141574"	0
0	TRUE	"LockTip_901301"	9013	901301	0	1	[]	0	0	"1100141575"	0
0	TRUE	"LockTip_901401"	9014	901401	0	1	[]	0	0	"1100141603"	0
0	TRUE	"LockTip_901501"	9015	901501	0	1	[]	0	0	"1100141604"	0
0	TRUE	"LockTip_901601"	9016	901601	0	1	[]	0	0	"1100141581"	0
0	TRUE	"LockTip_901701"	9017	901701	0	1	[]	0	0	"1100141603"	0
0	TRUE	"LockTip_901801"	9018	901801	0	1	[]	0	0	"1100141604"	0
0	TRUE	"LockTip_901901"	9019	901901	0	1	[]	0	0	"1100141581"	0
0	TRUE	"LockTip_902001"	9020	902001	0	1	[]	0	0	"1100141582"	0
0	TRUE	"LockTip_902101"	9021	902101	0	1	[]	0	0	"1100141583"	0
0	TRUE	"LockTip_902201"	9022	902201	0	1	[]	0	0	"1100141584"	0
0	TRUE	"LockTip_902301"	9023	902301	0	1	[]	0	0	"1100141585"	0
0	TRUE	"LockTip_902401"	9024	902401	0	1	[]	0	0	"1100141586"	0
0	TRUE	"LockTip_902501"	9025	902501	0	1	[]	0	0	"1100141618"	0
0	TRUE	"LockTip_902601"	9026	902601	0	1	[]	0	0	"1100141618"	0
0	TRUE	"LockTip_902701"	9027	902701	0	1	[]	0	0	"1100141589"	0
0	TRUE	""	9028	902801	0	1	[]	1422	0	""	0
0	TRUE	"LockTip_902801"	9028	902802	0	1	[]	0	0	"1100141590"	0
0	TRUE	"LockTip_902901"	9029	902901	0	1	[]	0	0	"1100141591"	0
0	TRUE	"LockTip_903001"	9030	903001	0	1	[]	0	0	"1100141622"	0
0	TRUE	"LockTip_903101"	9031	903101	0	1	[]	0	0	"1100141622"	0
0	TRUE	"LockTip_903201"	9032	903201	0	1	[]	0	0	"1100141594"	0
0	TRUE	""	9033	903301	0	1	[]	1423	0	""	0
0	TRUE	"LockTip_903301"	9033	903302	0	1	[]	0	0	"1100141595"	0
0	TRUE	"LockTip_903401"	9034	903401	0	1	[]	0	0	"1100141596"	0
0	TRUE	"LockTip_903501"	9035	903501	0	1	[]	0	0	"1100141598"	0
0	TRUE	"LockTip_903601"	9036	903601	0	1	[]	0	0	"1100141598"	0
0	TRUE	"LockTip_903701"	9037	903701	0	1	[]	0	0	"1071240102"	0
0	TRUE	"LockTip_903801"	9038	903802	0	1	[]	0	0	"1071240102"	0
0	TRUE	"LockTip_903901"	9039	903903	0	1	[]	0	0	"1071240103"	0
0	TRUE	"LockTip_904001"	9040	904004	0	1	[]	0	0	"1071240103"	0
0	TRUE	"LockTip_904101"	9041	904101	0	1	[]	0	0	"1100141660"	0
0	TRUE	""	9042	904201	0	1	[]	1422	0	""	0
0	TRUE	"LockTip_904202"	9042	904202	0	1	[]	0	0	"1100141657"	0
0	TRUE	""	9043	904301	0	1	[]	1422	0	""	0
0	TRUE	"LockTip_904302"	9043	904302	0	1	[]	0	0	"1100141654"	0
0	TRUE	""	9044	904401	0	1	[]	1423	0	""	0
0	TRUE	"LockTip_904403"	9044	904402	0	1	[]	0	0	"1101210100"	0
0	TRUE	""	9045	904501	0	1	[]	1424	0	""	0
0	TRUE	"LockTip_904502"	9045	904502	0	1	[]	0	0	"1100141658"	0
0	TRUE	""	9050	905001	0	1	[]	1426	0	""	0
0	TRUE	"LockTip_905002"	9050	905002	0	2	[]	0	0	""	0
0	TRUE	""	9051	905101	0	1	[]	1426	0	""	0
0	TRUE	"LockTip_905102"	9051	905102	0	2	[]	0	0	"70590001"	0
0	TRUE	""	9052	905201	0	1	[]	1428	0	""	0
0	TRUE	"LockTip_905202"	9052	905202	0	2	[]	0	0	"70590007"	0
0	TRUE	""	9053	905301	0	1	[]	1429	0	""	0
0	TRUE	"LockTip_905302"	9053	905302	0	2	[]	0	0	"70590008"	0
0	TRUE	""	9054	905401	0	1	[]	1430	0	""	0
0	TRUE	"LockTip_905402"	9054	905402	0	2	[]	0	0	"70590009"	0
0	TRUE	""	9055	905501	0	1	[]	1427	0	""	0
0	TRUE	"LockTip_905502"	9055	905502	0	2	[]	0	0	"70590002"	0
0	TRUE	""	9056	905601	0	1	[]	1427	0	""	0
0	TRUE	"LockTip_905602"	9056	905602	0	2	[]	0	0	"70590006"	0
0	TRUE	""	9057	905701	0	1	[]	1428	0	""	0
0	TRUE	"LockTip_905702"	9057	905702	0	2	[]	0	0	"70590003"	0
0	TRUE	""	9058	905801	0	1	[]	1429	0	""	0
0	TRUE	"LockTip_905802"	9058	905802	0	2	[]	0	0	"70590004"	0
0	TRUE	""	9059	905901	0	1	[]	1430	0	""	0
0	TRUE	"LockTip_905902"	9059	905902	0	2	[]	0	0	"70590005"	0
0	TRUE	""	9060	906001	0	1	[]	1437	0	""	0
0	TRUE	"LockTip_906002"	9060	906002	0	2	[]	0	0	"2040140054"	0
0	TRUE	"LockTip_906003"	9060	906003	0	2	[]	0	0	"2040140088"	0
0	TRUE	""	9061	906101	0	1	[]	1438	0	""	0
0	TRUE	"LockTip_906102"	9061	906102	0	2	[]	0	0	"2040140058"	0
0	TRUE	"LockTip_906103"	9061	906103	0	2	[]	0	0	"2040140090"	0
0	TRUE	"LockTip_906301"	9063	906301	0	1	[]	0	0	"2040140051"	0
0	TRUE	"LockTip_906301"	9064	906401	0	1	[]	0	0	"2040140052"	0
0	TRUE	"LockTip_906301"	9065	906501	0	1	[]	0	0	"2040140053"	0
0	TRUE	"LockTip_906301"	9066	906601	0	1	[]	0	0	"2040140055"	0
0	TRUE	"LockTip_906301"	9067	906701	0	1	[]	0	0	"2040140056"	0
0	TRUE	"LockTip_906301"	9068	906801	0	1	[]	0	0	"2040140057"	0
0	TRUE	"LockTip_906301"	9069	906901	0	1	[]	0	0	"2040140059"	0
0	TRUE	"LockTip_906301"	9070	907001	0	1	[]	0	0	"2040140060"	0
0	TRUE	"LockTip_906301"	9071	907101	0	1	[]	0	0	"2040140061"	0
0	TRUE	"Scanner_TimeHint1"	9081	908101	0	1	[]	1432	0	""	0
0	TRUE	"Scanner_BattleHint1"	9081	908102	0	1	[]	0	0	"7074501"	0
0	TRUE	"Scanner_TimeHint2"	9082	908201	0	1	[]	1433	0	""	0
0	TRUE	"Scanner_BattleHint2"	9082	908202	0	1	[]	0	0	"7074601"	0
0	TRUE	"Scanner_TimeHint3"	9083	908301	0	1	[]	1434	0	""	0
0	TRUE	"Scanner_BattleHint3"	9083	908302	0	1	[]	0	0	"7074701"	0
0	TRUE	"Scanner_TimeHint4"	9084	908401	0	1	[]	1435	0	""	0
0	TRUE	"Scanner_BattleHint4"	9084	908402	0	1	[]	0	0	"7074801"	0
0	TRUE	"LockTip_908901"	9089	908901	0	1	[]	0	0	"2031740001"	0
0	TRUE	"LockTip_909001"	9090	909001	0	1	[]	0	0	"1040140215&30070040"	0
0	TRUE	""	9091	909101	0	1	[]	1440	0	""	0
0	TRUE	"LockTip_909102"	9091	909102	0	1	[]	0	0	"1100141708"	0
0	TRUE	""	9092	909201	0	1	[]	1440	0	""	0
0	TRUE	"LockTip_909202"	9092	909202	0	1	[]	0	0	"1100141709"	0
0	TRUE	""	9093	909301	0	1	[]	1441	0	""	0
0	TRUE	"LockTip_909302"	9093	909302	0	1	[]	0	0	"1100141710"	0
0	TRUE	""	9094	909401	0	1	[]	1441	0	""	0
0	TRUE	"LockTip_909402"	9094	909402	0	1	[]	0	0	"1100141711"	0
0	TRUE	""	9095	909501	0	1	[]	1442	0	""	0
0	TRUE	"LockTip_909502"	9095	909502	0	1	[]	0	0	"1100141712"	0
0	TRUE	""	9096	909601	0	1	[]	1442	0	""	0
0	TRUE	"LockTip_909602"	9096	909602	0	1	[]	0	0	"1100141713"	0
0	TRUE	""	9097	909701	0	1	[]	1443	0	""	0
0	TRUE	"LockTip_909702"	9097	909702	0	1	[]	0	0	"1100141714"	0
0	TRUE	""	9098	909801	0	1	[]	1443	0	""	0
0	TRUE	"LockTip_909802"	9098	909802	0	1	[]	0	0	"1100141715"	0
0	TRUE	""	9099	909901	0	1	[]	1444	0	""	0
0	TRUE	"LockTip_909902"	9099	909902	0	1	[]	0	0	"1100141716"	0
0	TRUE	""	9100	910001	0	1	[]	1444	0	""	0
0	TRUE	"LockTip_910002"	9100	910002	0	1	[]	0	0	"1100141717"	0
0	TRUE	""	9101	910102	0	1	[]	1393	0	""	0
0	TRUE	""	9102	910201	0	1	[]	1393	0	""	0
0	TRUE	"Rave_Unlock1"	9102	910202	0	1	[]	0	0	"706000111"	0
0	TRUE	""	9103	910301	0	1	[]	1394	0	""	0
0	TRUE	"Rave_Unlock1"	9103	910302	0	1	[]	0	0	"706000111"	0
0	TRUE	""	9104	910401	0	1	[]	1394	0	""	0
0	TRUE	"Rave_Unlock2"	9104	910402	0	1	[]	0	0	"706000211"	0
0	TRUE	""	9105	910501	0	1	[]	1395	0	""	0
0	TRUE	"Rave_Unlock2"	9105	910502	0	1	[]	0	0	"706000211"	0
0	TRUE	""	9106	910601	0	1	[]	1395	0	""	0
0	TRUE	"Rave_Unlock3"	9106	910602	0	1	[]	0	0	"706000311"	0
0	TRUE	""	9107	910701	0	1	[]	1396	0	""	0
0	TRUE	"Rave_Unlock3"	9107	910702	0	1	[]	0	0	"706000311"	0
0	TRUE	""	9108	910801	0	1	[]	1396	0	""	0
0	TRUE	"Rave_Unlock4"	9108	910802	0	1	[]	0	0	"706000411"	0
0	TRUE	""	9109	910901	0	1	[]	1397	0	""	0
0	TRUE	"Rave_Unlock4"	9109	910902	0	1	[]	0	0	"706000411"	0
0	TRUE	""	9110	911001	0	1	[]	1397	0	""	0
0	TRUE	"Rave_Unlock5"	9110	911002	0	1	[]	0	0	"706000511"	0
0	TRUE	""	9111	911101	0	1	[]	1393	0	""	0
0	TRUE	""	9112	911205	0	1	[]	1397	0	""	0
0	TRUE	"Rave_Unlock6"	9112	911206	0	1	[]	0	0	"706000525"	0
0	TRUE	""	9113	911303	0	1	[]	1466	0	""	0
0	TRUE	"Rave_Unlock5"	9113	911304	0	1	[]	0	0	"706000511"	0
