KFILAIPIKOG	HFKPGGGCCGE	comment	zone_id	entrance_id	OMBEMNMAENI	zone_group_id	official_name	JHPBAFGNHOL	APGDLLPCHDI	layer_index	layer_id	NBOBOBHMJLB	BKPODBPMLBM
101	0	"深渊固定区第1层"	61001	2	""	61001	"61001_LayerName1"	["Morning"]	FALSE	1	6100101	[]	0
101	0	"深渊固定区第2层"	61001	2	""	0	"61001_LayerName2"	["Morning"]	FALSE	2	6100102	[]	0
101	0	"深渊固定区第3层"	61001	2	""	0	"61001_LayerName3"	["Morning"]	FALSE	3	6100103	[]	0
101	0	"深渊固定区第4层"	61001	2	""	0	"61001_LayerName4"	["Morning"]	FALSE	4	6100104	[]	0
101	0	"深渊固定区第5层"	61001	2	""	0	"61001_LayerName5"	["Morning"]	FALSE	5	6100105	[]	0
101	0	"深渊固定区第6层"	61001	2	""	0	"61001_LayerName6"	["Morning"]	FALSE	6	6100106	[]	0
101	0	"深渊固定区第7层"	61001	2	""	0	"61001_LayerName7"	["Morning"]	FALSE	7	6100107	[]	0
101	0	"深渊固定区第8层"	61001	2	""	0	"61001_LayerName8"	["Morning"]	FALSE	8	6100108	[]	0
101	0	"深渊固定区第9层"	61001	2	""	0	"61001_LayerName9"	["Morning"]	FALSE	9	6100109	[]	0
101	0	"深渊固定区第10层"	61001	2	""	0	"61001_LayerName10"	["Morning"]	FALSE	10	6100110	[]	0
102	0	"深渊新增区第1层"	61002	3	""	61002	"61002_LayerName1"	["Morning"]	FALSE	1	6100201	[]	0
102	0	"深渊新增区第2层"	61002	3	""	0	"61002_LayerName2"	["Morning"]	FALSE	2	6100202	[]	0
102	0	"深渊新增区第3层"	61002	3	""	0	"61002_LayerName3"	["Morning"]	FALSE	3	6100203	[]	0
102	0	"深渊新增区第4层"	61002	3	""	0	"61002_LayerName4"	["Morning"]	FALSE	4	6100204	[]	0
102	0	"深渊新增区第5层"	61002	3	""	0	"61002_LayerName5"	["Morning"]	FALSE	5	6100205	[]	0
102	0	"深渊新增区第6层"	61002	3	""	0	"61002_LayerName6"	["Morning"]	FALSE	6	6100206	[]	0
102	0	"深渊新增区第7层"	61002	3	""	0	"61002_LayerName7"	["Morning"]	FALSE	7	6100207	[]	0
102	0	"深渊新增区第8层"	61002	3	""	0	"61002_LayerName8"	["Morning"]	FALSE	8	6100208	[]	0
202	1	"1.2深渊奇袭区第1层"	61003	4	""	61003	"61003_LayerName1"	["Morning"]	FALSE	1	6100301	[]	0
202	1	"1.2深渊奇袭区第2层"	61003	4	""	0	"61003_LayerName2"	["Morning"]	FALSE	2	6100302	[]	0
202	1	"1.2深渊奇袭区第3层"	61003	4	""	0	"61003_LayerName3"	["Morning"]	FALSE	3	6100303	[]	0
202	1	"1.2深渊奇袭区第4层"	61003	4	""	0	"61003_LayerName4"	["Morning"]	FALSE	4	6100304	[]	0
202	1	"1.2深渊奇袭区第5层"	61003	4	""	0	"61003_LayerName5"	["Morning"]	FALSE	5	6100305	[]	0
201	1	"深渊刷新区第1期第1层"	62001	1	""	62001	"62001_LayerName1"	["Morning"]	FALSE	1	6200101	[]	0
201	1	"深渊刷新区第1期第2层"	62001	1	""	0	"62001_LayerName2"	["Morning"]	FALSE	2	6200102	[]	0
201	1	"深渊刷新区第1期第3层"	62001	1	""	0	"62001_LayerName3"	["Morning"]	FALSE	3	6200103	[]	0
201	1	"深渊刷新区第1期第4层"	62001	1	""	0	"62001_LayerName4"	["Morning"]	FALSE	4	6200104	[]	0
201	1	"深渊刷新区第1期第5层"	62001	1	""	0	"62001_LayerName5"	["Morning"]	FALSE	5	6200105	[]	0
201	1	"深渊刷新区第1期第6层"	62001	1	""	0	"62001_LayerName6"	["Morning"]	FALSE	6	6200106	[]	0
201	1	"深渊刷新区第1期第7层"	62001	1	""	0	"62001_LayerName7"	["Morning"]	FALSE	7	6200107	[]	0
201	1	"深渊刷新区第2期第1层"	62002	1	""	62001	"62001_LayerName1"	["Morning"]	FALSE	1	6200201	[]	0
201	1	"深渊刷新区第2期第2层"	62002	1	""	0	"62001_LayerName2"	["Morning"]	FALSE	2	6200202	[]	0
201	1	"深渊刷新区第2期第3层"	62002	1	""	0	"62001_LayerName3"	["Morning"]	FALSE	3	6200203	[]	0
201	1	"深渊刷新区第2期第4层"	62002	1	""	0	"62001_LayerName4"	["Morning"]	FALSE	4	6200204	[]	0
201	1	"深渊刷新区第2期第5层"	62002	1	""	0	"62001_LayerName5"	["Morning"]	FALSE	5	6200205	[]	0
201	1	"深渊刷新区第2期第6层"	62002	1	""	0	"62001_LayerName6"	["Morning"]	FALSE	6	6200206	[]	0
201	1	"深渊刷新区第2期第7层"	62002	1	""	0	"62001_LayerName7"	["Morning"]	FALSE	7	6200207	[]	0
201	1	"深渊刷新区第3期第1层"	62003	1	""	62001	"62001_LayerName1"	["Morning"]	FALSE	1	6200301	[]	0
201	1	"深渊刷新区第3期第2层"	62003	1	""	0	"62001_LayerName2"	["Morning"]	FALSE	2	6200302	[]	0
201	1	"深渊刷新区第3期第3层"	62003	1	""	0	"62001_LayerName3"	["Morning"]	FALSE	3	6200303	[]	0
201	1	"深渊刷新区第3期第4层"	62003	1	""	0	"62001_LayerName4"	["Morning"]	FALSE	4	6200304	[]	0
201	1	"深渊刷新区第3期第5层"	62003	1	""	0	"62001_LayerName5"	["Morning"]	FALSE	5	6200305	[]	0
201	1	"深渊刷新区第3期第6层"	62003	1	""	0	"62001_LayerName6"	["Morning"]	FALSE	6	6200306	[]	0
201	1	"深渊刷新区第3期第7层"	62003	1	""	0	"62001_LayerName7"	["Morning"]	FALSE	7	6200307	[]	0
201	1	"深渊刷新区第4期第1层"	62004	1	""	62001	"62001_LayerName1"	["Morning"]	FALSE	1	6200401	[]	0
201	1	"深渊刷新区第4期第2层"	62004	1	""	0	"62001_LayerName2"	["Morning"]	FALSE	2	6200402	[]	0
201	1	"深渊刷新区第4期第3层"	62004	1	""	0	"62001_LayerName3"	["Morning"]	FALSE	3	6200403	[]	0
201	1	"深渊刷新区第4期第4层"	62004	1	""	0	"62001_LayerName4"	["Morning"]	FALSE	4	6200404	[]	0
201	1	"深渊刷新区第4期第5层"	62004	1	""	0	"62001_LayerName5"	["Morning"]	FALSE	5	6200405	[]	0
201	1	"深渊刷新区第4期第6层"	62004	1	""	0	"62001_LayerName6"	["Morning"]	FALSE	6	6200406	[]	0
201	1	"深渊刷新区第4期第7层"	62004	1	""	0	"62001_LayerName7"	["Morning"]	FALSE	7	6200407	[]	0
201	1	"深渊刷新区第5期第1层"	62005	1	""	62001	"62001_LayerName1"	["Morning"]	FALSE	1	6200501	[]	0
201	1	"深渊刷新区第5期第2层"	62005	1	""	0	"62001_LayerName2"	["Morning"]	FALSE	2	6200502	[]	0
201	1	"深渊刷新区第5期第3层"	62005	1	""	0	"62001_LayerName3"	["Morning"]	FALSE	3	6200503	[]	0
201	1	"深渊刷新区第5期第4层"	62005	1	""	0	"62001_LayerName4"	["Morning"]	FALSE	4	6200504	[]	0
201	1	"深渊刷新区第5期第5层"	62005	1	""	0	"62001_LayerName5"	["Morning"]	FALSE	5	6200505	[]	0
201	1	"深渊刷新区第5期第6层"	62005	1	""	0	"62001_LayerName6"	["Morning"]	FALSE	6	6200506	[]	0
201	1	"深渊刷新区第5期第7层"	62005	1	""	0	"62001_LayerName7"	["Morning"]	FALSE	7	6200507	[]	0
201	1	"深渊刷新区第6期第1层"	62006	1	""	62001	"62001_LayerName1"	["Morning"]	FALSE	1	6200601	[]	0
201	1	"深渊刷新区第6期第2层"	62006	1	""	0	"62001_LayerName2"	["Morning"]	FALSE	2	6200602	[]	0
201	1	"深渊刷新区第6期第3层"	62006	1	""	0	"62001_LayerName3"	["Morning"]	FALSE	3	6200603	[]	0
201	1	"深渊刷新区第6期第4层"	62006	1	""	0	"62001_LayerName4"	["Morning"]	FALSE	4	6200604	[]	0
201	1	"深渊刷新区第6期第5层"	62006	1	""	0	"62001_LayerName5"	["Morning"]	FALSE	5	6200605	[]	0
201	1	"深渊刷新区第6期第6层"	62006	1	""	0	"62001_LayerName6"	["Morning"]	FALSE	6	6200606	[]	0
201	1	"深渊刷新区第6期第7层"	62006	1	""	0	"62001_LayerName7"	["Morning"]	FALSE	7	6200607	[]	0
201	1	"深渊刷新区第7期第1层"	62007	1	""	62001	"62001_LayerName1"	["Morning"]	FALSE	1	6200701	[]	0
201	1	"深渊刷新区第7期第2层"	62007	1	""	0	"62001_LayerName2"	["Morning"]	FALSE	2	6200702	[]	0
201	1	"深渊刷新区第7期第3层"	62007	1	""	0	"62001_LayerName3"	["Morning"]	FALSE	3	6200703	[]	0
201	1	"深渊刷新区第7期第4层"	62007	1	""	0	"62001_LayerName4"	["Morning"]	FALSE	4	6200704	[]	0
201	1	"深渊刷新区第7期第5层"	62007	1	""	0	"62001_LayerName5"	["Morning"]	FALSE	5	6200705	[]	0
201	1	"深渊刷新区第7期第6层"	62007	1	""	0	"62001_LayerName6"	["Morning"]	FALSE	6	6200706	[]	0
201	1	"深渊刷新区第7期第7层"	62007	1	""	0	"62001_LayerName7"	["Morning"]	FALSE	7	6200707	[]	0
201	1	"深渊刷新区第8期第1层"	62008	1	""	62001	"62001_LayerName1"	["Morning"]	FALSE	1	6200801	[]	0
201	1	"深渊刷新区第8期第2层"	62008	1	""	0	"62001_LayerName2"	["Morning"]	FALSE	2	6200802	[]	0
201	1	"深渊刷新区第8期第3层"	62008	1	""	0	"62001_LayerName3"	["Morning"]	FALSE	3	6200803	[]	0
201	1	"深渊刷新区第8期第4层"	62008	1	""	0	"62001_LayerName4"	["Morning"]	FALSE	4	6200804	[]	0
201	1	"深渊刷新区第8期第5层"	62008	1	""	0	"62001_LayerName5"	["Morning"]	FALSE	5	6200805	[]	0
201	1	"深渊刷新区第8期第6层"	62008	1	""	0	"62001_LayerName6"	["Morning"]	FALSE	6	6200806	[]	0
201	1	"深渊刷新区第8期第7层"	62008	1	""	0	"62001_LayerName7"	["Morning"]	FALSE	7	6200807	[]	0
201	1	"深渊刷新区第9期第1层"	62009	1	""	62001	"62001_LayerName1"	["Morning"]	FALSE	1	6200901	[]	0
201	1	"深渊刷新区第9期第2层"	62009	1	""	0	"62001_LayerName2"	["Morning"]	FALSE	2	6200902	[]	0
201	1	"深渊刷新区第9期第3层"	62009	1	""	0	"62001_LayerName3"	["Morning"]	FALSE	3	6200903	[]	0
201	1	"深渊刷新区第9期第4层"	62009	1	""	0	"62001_LayerName4"	["Morning"]	FALSE	4	6200904	[]	0
201	1	"深渊刷新区第9期第5层"	62009	1	""	0	"62001_LayerName5"	["Morning"]	FALSE	5	6200905	[]	0
201	1	"深渊刷新区第9期第6层"	62009	1	""	0	"62001_LayerName6"	["Morning"]	FALSE	6	6200906	[]	0
201	1	"深渊刷新区第9期第7层"	62009	1	""	0	"62001_LayerName7"	["Morning"]	FALSE	7	6200907	[]	0
201	1	"深渊刷新区第10期第1层"	62010	1	""	62010	"62001_LayerName1"	["Morning"]	FALSE	1	6201001	[]	0
201	1	"深渊刷新区第10期第2层"	62010	1	""	0	"62001_LayerName2"	["Morning"]	FALSE	2	6201002	[]	0
201	1	"深渊刷新区第10期第3层"	62010	1	""	0	"62001_LayerName3"	["Morning"]	FALSE	3	6201003	[]	0
201	1	"深渊刷新区第10期第4层"	62010	1	""	0	"62001_LayerName4"	["Morning"]	FALSE	4	6201004	[]	0
201	1	"深渊刷新区第10期第5层"	62010	1	""	0	"62001_LayerName5"	["Morning"]	FALSE	5	6201005	[]	0
201	1	"深渊刷新区第10期第6层"	62010	1	""	0	"62001_LayerName6"	["Morning"]	FALSE	6	6201006	[]	0
201	1	"深渊刷新区第10期第7层"	62010	1	""	0	"62001_LayerName7"	["Morning"]	FALSE	7	6201007	[]	0
201	1	"深渊刷新区第11期第1层"	62011	1	""	62011	"62001_LayerName1"	["Morning"]	FALSE	1	6201101	[]	0
201	1	"深渊刷新区第11期第2层"	62011	1	""	0	"62001_LayerName2"	["Morning"]	FALSE	2	6201102	[]	0
201	1	"深渊刷新区第11期第3层"	62011	1	""	0	"62001_LayerName3"	["Morning"]	FALSE	3	6201103	[]	0
201	1	"深渊刷新区第11期第4层"	62011	1	""	0	"62001_LayerName4"	["Morning"]	FALSE	4	6201104	[]	0
201	1	"深渊刷新区第11期第5层"	62011	1	""	0	"62001_LayerName5"	["Morning"]	FALSE	5	6201105	[]	0
201	1	"深渊刷新区第11期第6层"	62011	1	""	0	"62001_LayerName6"	["Morning"]	FALSE	6	6201106	[]	0
201	1	"深渊刷新区第11期第7层"	62011	1	""	0	"62001_LayerName7"	["Morning"]	FALSE	7	6201107	[]	0
201	1	"深渊刷新区第12期第1层"	62012	1	""	62011	"62001_LayerName1"	["Morning"]	FALSE	1	6201201	[]	0
201	1	"深渊刷新区第12期第2层"	62012	1	""	0	"62001_LayerName2"	["Morning"]	FALSE	2	6201202	[]	0
201	1	"深渊刷新区第12期第3层"	62012	1	""	0	"62001_LayerName3"	["Morning"]	FALSE	3	6201203	[]	0
201	1	"深渊刷新区第12期第4层"	62012	1	""	0	"62001_LayerName4"	["Morning"]	FALSE	4	6201204	[]	0
201	1	"深渊刷新区第12期第5层"	62012	1	""	0	"62001_LayerName5"	["Morning"]	FALSE	5	6201205	[]	0
201	1	"深渊刷新区第12期第6层"	62012	1	""	0	"62001_LayerName6"	["Morning"]	FALSE	6	6201206	[]	0
201	1	"深渊刷新区第12期第7层"	62012	1	""	0	"62001_LayerName7"	["Morning"]	FALSE	7	6201207	[]	0
201	1	"深渊刷新区第13期第1层"	62013	1	""	62011	"62001_LayerName1"	["Morning"]	FALSE	1	6201301	[]	0
201	1	"深渊刷新区第13期第2层"	62013	1	""	0	"62001_LayerName2"	["Morning"]	FALSE	2	6201302	[]	0
201	1	"深渊刷新区第13期第3层"	62013	1	""	0	"62001_LayerName3"	["Morning"]	FALSE	3	6201303	[]	0
201	1	"深渊刷新区第13期第4层"	62013	1	""	0	"62001_LayerName4"	["Morning"]	FALSE	4	6201304	[]	0
201	1	"深渊刷新区第13期第5层"	62013	1	""	0	"62001_LayerName5"	["Morning"]	FALSE	5	6201305	[]	0
201	1	"深渊刷新区第13期第6层"	62013	1	""	0	"62001_LayerName6"	["Morning"]	FALSE	6	6201306	[]	0
201	1	"深渊刷新区第13期第7层"	62013	1	""	0	"62001_LayerName7"	["Morning"]	FALSE	7	6201307	[]	0
201	1	"深渊刷新区第14期第1层"	62014	1	""	62014	"62001_LayerName1"	["Morning"]	FALSE	1	6201401	[]	0
201	1	"深渊刷新区第14期第2层"	62014	1	""	0	"62001_LayerName2"	["Morning"]	FALSE	2	6201402	[]	0
201	1	"深渊刷新区第14期第3层"	62014	1	""	0	"62001_LayerName3"	["Morning"]	FALSE	3	6201403	[]	0
201	1	"深渊刷新区第14期第4层"	62014	1	""	0	"62001_LayerName4"	["Morning"]	FALSE	4	6201404	[]	0
201	1	"深渊刷新区第14期第5层"	62014	1	""	0	"62001_LayerName5"	["Morning"]	FALSE	5	6201405	[]	0
201	1	"深渊刷新区第14期第6层"	62014	1	""	0	"62001_LayerName6"	["Morning"]	FALSE	6	6201406	[]	0
201	1	"深渊刷新区第14期第7层"	62014	1	""	0	"62001_LayerName7"	["Morning"]	FALSE	7	6201407	[]	0
201	1	"深渊刷新区第15期第1层"	62015	1	""	62014	"62001_LayerName1"	["Morning"]	FALSE	1	6201501	[]	0
201	1	"深渊刷新区第15期第2层"	62015	1	""	0	"62001_LayerName2"	["Morning"]	FALSE	2	6201502	[]	0
201	1	"深渊刷新区第15期第3层"	62015	1	""	0	"62001_LayerName3"	["Morning"]	FALSE	3	6201503	[]	0
201	1	"深渊刷新区第15期第4层"	62015	1	""	0	"62001_LayerName4"	["Morning"]	FALSE	4	6201504	[]	0
201	1	"深渊刷新区第15期第5层"	62015	1	""	0	"62001_LayerName5"	["Morning"]	FALSE	5	6201505	[]	0
201	1	"深渊刷新区第15期第6层"	62015	1	""	0	"62001_LayerName6"	["Morning"]	FALSE	6	6201506	[]	0
201	1	"深渊刷新区第15期第7层"	62015	1	""	0	"62001_LayerName7"	["Morning"]	FALSE	7	6201507	[]	0
201	1	"深渊刷新区第16期第1层"	62016	1	""	62014	"62001_LayerName1"	["Morning"]	FALSE	1	6201601	[]	0
201	1	"深渊刷新区第16期第2层"	62016	1	""	0	"62001_LayerName2"	["Morning"]	FALSE	2	6201602	[]	0
201	1	"深渊刷新区第16期第3层"	62016	1	""	0	"62001_LayerName3"	["Morning"]	FALSE	3	6201603	[]	0
201	1	"深渊刷新区第16期第4层"	62016	1	""	0	"62001_LayerName4"	["Morning"]	FALSE	4	6201604	[]	0
201	1	"深渊刷新区第16期第5层"	62016	1	""	0	"62001_LayerName5"	["Morning"]	FALSE	5	6201605	[]	0
201	1	"深渊刷新区第16期第6层"	62016	1	""	0	"62001_LayerName6"	["Morning"]	FALSE	6	6201606	[]	0
201	1	"深渊刷新区第16期第7层"	62016	1	""	0	"62001_LayerName7"	["Morning"]	FALSE	7	6201607	[]	0
201	1	"深渊刷新区第17期第1层"	62017	1	""	62014	"62001_LayerName1"	["Morning"]	FALSE	1	6201701	[]	0
201	1	"深渊刷新区第17期第2层"	62017	1	""	0	"62001_LayerName2"	["Morning"]	FALSE	2	6201702	[]	0
201	1	"深渊刷新区第17期第3层"	62017	1	""	0	"62001_LayerName3"	["Morning"]	FALSE	3	6201703	[]	0
201	1	"深渊刷新区第17期第4层"	62017	1	""	0	"62001_LayerName4"	["Morning"]	FALSE	4	6201704	[]	0
201	1	"深渊刷新区第17期第5层"	62017	1	""	0	"62001_LayerName5"	["Morning"]	FALSE	5	6201705	[]	0
201	1	"深渊刷新区第17期第6层"	62017	1	""	0	"62001_LayerName6"	["Morning"]	FALSE	6	6201706	[]	0
201	1	"深渊刷新区第17期第7层"	62017	1	""	0	"62001_LayerName7"	["Morning"]	FALSE	7	6201707	[]	0
201	1	"深渊刷新区第18期第1层"	62018	1	""	62014	"62001_LayerName1"	["Morning"]	FALSE	1	6201801	[]	0
201	1	"深渊刷新区第18期第2层"	62018	1	""	0	"62001_LayerName2"	["Morning"]	FALSE	2	6201802	[]	0
201	1	"深渊刷新区第18期第3层"	62018	1	""	0	"62001_LayerName3"	["Morning"]	FALSE	3	6201803	[]	0
201	1	"深渊刷新区第18期第4层"	62018	1	""	0	"62001_LayerName4"	["Morning"]	FALSE	4	6201804	[]	0
201	1	"深渊刷新区第18期第5层"	62018	1	""	0	"62001_LayerName5"	["Morning"]	FALSE	5	6201805	[]	0
201	1	"深渊刷新区第18期第6层"	62018	1	""	0	"62001_LayerName6"	["Morning"]	FALSE	6	6201806	[]	0
201	1	"深渊刷新区第18期第7层"	62018	1	""	0	"62001_LayerName7"	["Morning"]	FALSE	7	6201807	[]	0
201	1	"深渊刷新区第19期第1层"	62019	1	""	62014	"62001_LayerName1"	["Morning"]	FALSE	1	6201901	[]	0
201	1	"深渊刷新区第19期第2层"	62019	1	""	0	"62001_LayerName2"	["Morning"]	FALSE	2	6201902	[]	0
201	1	"深渊刷新区第19期第3层"	62019	1	""	0	"62001_LayerName3"	["Morning"]	FALSE	3	6201903	[]	0
201	1	"深渊刷新区第19期第4层"	62019	1	""	0	"62001_LayerName4"	["Morning"]	FALSE	4	6201904	[]	0
201	1	"深渊刷新区第19期第5层"	62019	1	""	0	"62001_LayerName5"	["Morning"]	FALSE	5	6201905	[]	0
201	1	"深渊刷新区第19期第6层"	62019	1	""	0	"62001_LayerName6"	["Morning"]	FALSE	6	6201906	[]	0
201	1	"深渊刷新区第19期第7层"	62019	1	""	0	"62001_LayerName7"	["Morning"]	FALSE	7	6201907	[]	0
201	1	"深渊刷新区第20期第1层"	62020	1	""	62014	"62001_LayerName1"	["Morning"]	FALSE	1	6202001	[]	0
201	1	"深渊刷新区第20期第2层"	62020	1	""	0	"62001_LayerName2"	["Morning"]	FALSE	2	6202002	[]	0
201	1	"深渊刷新区第20期第3层"	62020	1	""	0	"62001_LayerName3"	["Morning"]	FALSE	3	6202003	[]	0
201	1	"深渊刷新区第20期第4层"	62020	1	""	0	"62001_LayerName4"	["Morning"]	FALSE	4	6202004	[]	0
201	1	"深渊刷新区第20期第5层"	62020	1	""	0	"62001_LayerName5"	["Morning"]	FALSE	5	6202005	[]	0
201	1	"深渊刷新区第20期第6层"	62020	1	""	0	"62001_LayerName6"	["Morning"]	FALSE	6	6202006	[]	0
201	1	"深渊刷新区第20期第7层"	62020	1	""	0	"62001_LayerName7"	["Morning"]	FALSE	7	6202007	[]	0
201	1	"深渊刷新区第21期第1层"	62021	1	""	62014	"62001_LayerName1"	["Morning"]	FALSE	1	6202101	[]	0
201	1	"深渊刷新区第21期第2层"	62021	1	""	0	"62001_LayerName2"	["Morning"]	FALSE	2	6202102	[]	0
201	1	"深渊刷新区第21期第3层"	62021	1	""	0	"62001_LayerName3"	["Morning"]	FALSE	3	6202103	[]	0
201	1	"深渊刷新区第21期第4层"	62021	1	""	0	"62001_LayerName4"	["Morning"]	FALSE	4	6202104	[]	0
201	1	"深渊刷新区第21期第5层"	62021	1	""	0	"62001_LayerName5"	["Morning"]	FALSE	5	6202105	[]	0
201	1	"深渊刷新区第21期第6层"	62021	1	""	0	"62001_LayerName6"	["Morning"]	FALSE	6	6202106	[]	0
201	1	"深渊刷新区第21期第7层"	62021	1	""	0	"62001_LayerName7"	["Morning"]	FALSE	7	6202107	[]	0
201	1	"深渊刷新区第22期第1层"	62022	1	""	62014	"62001_LayerName1"	["Morning"]	FALSE	1	6202201	[]	0
201	1	"深渊刷新区第22期第2层"	62022	1	""	0	"62001_LayerName2"	["Morning"]	FALSE	2	6202202	[]	0
201	1	"深渊刷新区第22期第3层"	62022	1	""	0	"62001_LayerName3"	["Morning"]	FALSE	3	6202203	[]	0
201	1	"深渊刷新区第22期第4层"	62022	1	""	0	"62001_LayerName4"	["Morning"]	FALSE	4	6202204	[]	0
201	1	"深渊刷新区第22期第5层"	62022	1	""	0	"62001_LayerName5"	["Morning"]	FALSE	5	6202205	[]	0
201	1	"深渊刷新区第22期第6层"	62022	1	""	0	"62001_LayerName6"	["Morning"]	FALSE	6	6202206	[]	0
201	1	"深渊刷新区第22期第7层"	62022	1	""	0	"62001_LayerName7"	["Morning"]	FALSE	7	6202207	[]	0
201	1	"深渊刷新区第23期第1层"	62023	1	""	62014	"62001_LayerName1"	["Morning"]	FALSE	1	6202301	[]	0
201	1	"深渊刷新区第23期第2层"	62023	1	""	0	"62001_LayerName2"	["Morning"]	FALSE	2	6202302	[]	0
201	1	"深渊刷新区第23期第3层"	62023	1	""	0	"62001_LayerName3"	["Morning"]	FALSE	3	6202303	[]	0
201	1	"深渊刷新区第23期第4层"	62023	1	""	0	"62001_LayerName4"	["Morning"]	FALSE	4	6202304	[]	0
201	1	"深渊刷新区第23期第5层"	62023	1	""	0	"62001_LayerName5"	["Morning"]	FALSE	5	6202305	[]	0
201	1	"深渊刷新区第23期第6层"	62023	1	""	0	"62001_LayerName6"	["Morning"]	FALSE	6	6202306	[]	0
201	1	"深渊刷新区第23期第7层"	62023	1	""	0	"62001_LayerName7"	["Morning"]	FALSE	7	6202307	[]	0
201	1	"深渊刷新区第24期第1层"	62024	1	""	62014	"62001_LayerName1"	["Morning"]	FALSE	1	6202401	[]	0
201	1	"深渊刷新区第24期第2层"	62024	1	""	0	"62001_LayerName2"	["Morning"]	FALSE	2	6202402	[]	0
201	1	"深渊刷新区第24期第3层"	62024	1	""	0	"62001_LayerName3"	["Morning"]	FALSE	3	6202403	[]	0
201	1	"深渊刷新区第24期第4层"	62024	1	""	0	"62001_LayerName4"	["Morning"]	FALSE	4	6202404	[]	0
201	1	"深渊刷新区第24期第5层"	62024	1	""	0	"62001_LayerName5"	["Morning"]	FALSE	5	6202405	[]	0
201	1	"深渊刷新区第24期第6层"	62024	1	""	0	"62001_LayerName6"	["Morning"]	FALSE	6	6202406	[]	0
201	1	"深渊刷新区第24期第7层"	62024	1	""	0	"62001_LayerName7"	["Morning"]	FALSE	7	6202407	[]	0
201	1	"深渊刷新区第25期第1层"	62025	1	""	62014	"62001_LayerName1"	["Morning"]	FALSE	1	6202501	[]	0
201	1	"深渊刷新区第25期第2层"	62025	1	""	0	"62001_LayerName2"	["Morning"]	FALSE	2	6202502	[]	0
201	1	"深渊刷新区第25期第3层"	62025	1	""	0	"62001_LayerName3"	["Morning"]	FALSE	3	6202503	[]	0
201	1	"深渊刷新区第25期第4层"	62025	1	""	0	"62001_LayerName4"	["Morning"]	FALSE	4	6202504	[]	0
201	1	"深渊刷新区第25期第5层"	62025	1	""	0	"62001_LayerName5"	["Morning"]	FALSE	5	6202505	[]	0
201	1	"深渊刷新区第25期第6层"	62025	1	""	0	"62001_LayerName6"	["Morning"]	FALSE	6	6202506	[]	0
201	1	"深渊刷新区第25期第7层"	62025	1	""	0	"62001_LayerName7"	["Morning"]	FALSE	7	6202507	[]	0
201	1	"深渊刷新区第26期第1层"	62026	1	""	62014	"62001_LayerName1"	["Morning"]	FALSE	1	6202601	[]	0
201	1	"深渊刷新区第26期第2层"	62026	1	""	0	"62001_LayerName2"	["Morning"]	FALSE	2	6202602	[]	0
201	1	"深渊刷新区第26期第3层"	62026	1	""	0	"62001_LayerName3"	["Morning"]	FALSE	3	6202603	[]	0
201	1	"深渊刷新区第26期第4层"	62026	1	""	0	"62001_LayerName4"	["Morning"]	FALSE	4	6202604	[]	0
201	1	"深渊刷新区第26期第5层"	62026	1	""	0	"62001_LayerName5"	["Morning"]	FALSE	5	6202605	[]	0
201	1	"深渊刷新区第26期第6层"	62026	1	""	0	"62001_LayerName6"	["Morning"]	FALSE	6	6202606	[]	0
201	1	"深渊刷新区第26期第7层"	62026	1	""	0	"62001_LayerName7"	["Morning"]	FALSE	7	6202607	[]	0
201	1	"深渊刷新区第27期第1层"	62027	1	""	62014	"62001_LayerName1"	["Morning"]	FALSE	1	6202701	[]	0
201	1	"深渊刷新区第27期第2层"	62027	1	""	0	"62001_LayerName2"	["Morning"]	FALSE	2	6202702	[]	0
201	1	"深渊刷新区第27期第3层"	62027	1	""	0	"62001_LayerName3"	["Morning"]	FALSE	3	6202703	[]	0
201	1	"深渊刷新区第27期第4层"	62027	1	""	0	"62001_LayerName4"	["Morning"]	FALSE	4	6202704	[]	0
201	1	"深渊刷新区第27期第5层"	62027	1	""	0	"62001_LayerName5"	["Morning"]	FALSE	5	6202705	[]	0
201	1	"深渊刷新区第27期第6层"	62027	1	""	0	"62001_LayerName6"	["Morning"]	FALSE	6	6202706	[]	0
201	1	"深渊刷新区第27期第7层"	62027	1	""	0	"62001_LayerName7"	["Morning"]	FALSE	7	6202707	[]	0
201	1	"深渊刷新区第28期第1层"	62028	1	""	62014	"62001_LayerName1"	["Morning"]	FALSE	1	6202801	[]	0
201	1	"深渊刷新区第28期第2层"	62028	1	""	0	"62001_LayerName2"	["Morning"]	FALSE	2	6202802	[]	0
201	1	"深渊刷新区第28期第3层"	62028	1	""	0	"62001_LayerName3"	["Morning"]	FALSE	3	6202803	[]	0
201	1	"深渊刷新区第28期第4层"	62028	1	""	0	"62001_LayerName4"	["Morning"]	FALSE	4	6202804	[]	0
201	1	"深渊刷新区第28期第5层"	62028	1	""	0	"62001_LayerName5"	["Morning"]	FALSE	5	6202805	[]	0
201	1	"深渊刷新区第28期第6层"	62028	1	""	0	"62001_LayerName6"	["Morning"]	FALSE	6	6202806	[]	0
201	1	"深渊刷新区第28期第7层"	62028	1	""	0	"62001_LayerName7"	["Morning"]	FALSE	7	6202807	[]	0
201	1	"深渊刷新区第29期第1层"	62029	1	""	62014	"62001_LayerName1"	["Morning"]	FALSE	1	6202901	[]	0
201	1	"深渊刷新区第29期第2层"	62029	1	""	0	"62001_LayerName2"	["Morning"]	FALSE	2	6202902	[]	0
201	1	"深渊刷新区第29期第3层"	62029	1	""	0	"62001_LayerName3"	["Morning"]	FALSE	3	6202903	[]	0
201	1	"深渊刷新区第29期第4层"	62029	1	""	0	"62001_LayerName4"	["Morning"]	FALSE	4	6202904	[]	0
201	1	"深渊刷新区第29期第5层"	62029	1	""	0	"62001_LayerName5"	["Morning"]	FALSE	5	6202905	[]	0
201	1	"深渊刷新区第29期第6层"	62029	1	""	0	"62001_LayerName6"	["Morning"]	FALSE	6	6202906	[]	0
201	1	"深渊刷新区第29期第7层"	62029	1	""	0	"62001_LayerName7"	["Morning"]	FALSE	7	6202907	[]	0
201	1	"深渊刷新区第30期第1层"	62030	1	""	62014	"62001_LayerName1"	["Morning"]	FALSE	1	6203001	[]	0
201	1	"深渊刷新区第30期第2层"	62030	1	""	0	"62001_LayerName2"	["Morning"]	FALSE	2	6203002	[]	0
201	1	"深渊刷新区第30期第3层"	62030	1	""	0	"62001_LayerName3"	["Morning"]	FALSE	3	6203003	[]	0
201	1	"深渊刷新区第30期第4层"	62030	1	""	0	"62001_LayerName4"	["Morning"]	FALSE	4	6203004	[]	0
201	1	"深渊刷新区第30期第5层"	62030	1	""	0	"62001_LayerName5"	["Morning"]	FALSE	5	6203005	[]	0
201	1	"深渊刷新区第30期第6层"	62030	1	""	0	"62001_LayerName6"	["Morning"]	FALSE	6	6203006	[]	0
201	1	"深渊刷新区第30期第7层"	62030	1	""	0	"62001_LayerName7"	["Morning"]	FALSE	7	6203007	[]	0
201	1	"深渊刷新区第31期第1层"	62031	1	""	62014	"62001_LayerName1"	["Morning"]	FALSE	1	6203101	[]	0
201	1	"深渊刷新区第31期第2层"	62031	1	""	0	"62001_LayerName2"	["Morning"]	FALSE	2	6203102	[]	0
201	1	"深渊刷新区第31期第3层"	62031	1	""	0	"62001_LayerName3"	["Morning"]	FALSE	3	6203103	[]	0
201	1	"深渊刷新区第31期第4层"	62031	1	""	0	"62001_LayerName4"	["Morning"]	FALSE	4	6203104	[]	0
201	1	"深渊刷新区第31期第5层"	62031	1	""	0	"62001_LayerName5"	["Morning"]	FALSE	5	6203105	[]	0
201	1	"深渊刷新区第31期第6层"	62031	1	""	0	"62001_LayerName6"	["Morning"]	FALSE	6	6203106	[]	0
201	1	"深渊刷新区第31期第7层"	62031	1	""	0	"62001_LayerName7"	["Morning"]	FALSE	7	6203107	[]	0
201	1	"深渊刷新区第32期第1层"	62032	1	""	62014	"62001_LayerName1"	["Morning"]	FALSE	1	6203201	[]	0
201	1	"深渊刷新区第32期第2层"	62032	1	""	0	"62001_LayerName2"	["Morning"]	FALSE	2	6203202	[]	0
201	1	"深渊刷新区第32期第3层"	62032	1	""	0	"62001_LayerName3"	["Morning"]	FALSE	3	6203203	[]	0
201	1	"深渊刷新区第32期第4层"	62032	1	""	0	"62001_LayerName4"	["Morning"]	FALSE	4	6203204	[]	0
201	1	"深渊刷新区第32期第5层"	62032	1	""	0	"62001_LayerName5"	["Morning"]	FALSE	5	6203205	[]	0
201	1	"深渊刷新区第32期第6层"	62032	1	""	0	"62001_LayerName6"	["Morning"]	FALSE	6	6203206	[]	0
201	1	"深渊刷新区第32期第7层"	62032	1	""	0	"62001_LayerName7"	["Morning"]	FALSE	7	6203207	[]	0
1001	1	"1.4 boss挑战第一期boss1"	69001	9	""	69001	"OfficialName_Monster_SacrificeBringer"	["Morning"]	FALSE	1	6900101	[]	1006
1001	1	"1.4 boss挑战第一期boss2"	69001	9	""	0	"OfficialName_Monster_TyrantPompey"	["Morning"]	FALSE	2	6900102	[]	1002
1001	1	"1.4 boss挑战第一期boss3"	69001	9	""	0	"OfficialName_Monster_NotoriousMarionette"	["Morning"]	FALSE	3	6900103	[]	1003
1001	1	"1.4 boss挑战第二期boss1"	69002	9	""	69001	"OfficialName_Monster_SacrificeBringer"	["Morning"]	FALSE	1	6900201	[]	1006
1001	1	"1.4 boss挑战第二期boss2"	69002	9	""	0	"OfficialName_Monster_TyphonDestroyer"	["Morning"]	FALSE	2	6900202	[]	1001
1001	1	"1.4 boss挑战第二期boss3"	69002	9	""	0	"OfficialName_Monster_CottusGrey"	["Morning"]	FALSE	3	6900203	[]	1005
1001	1	"boss挑战第3期boss1——死路屠夫亚种"	69003	9	""	69001	"OfficialName_Monster_NotoriousCottus"	["Morning"]	FALSE	1	6900301	[]	1009
1001	1	"boss挑战第3期boss2——复合侵蚀体"	69003	9	""	0	"OfficialName_Monster_ComplexCorrupted"	["Morning"]	FALSE	2	6900302	[]	1007
1001	1	"boss挑战第3期boss3——庞贝"	69003	9	""	0	"OfficialName_Monster_TyrantPompey"	["Morning"]	FALSE	3	6900303	[]	1002
1001	1	"boss挑战第4期boss1——死路屠夫亚种"	69004	9	""	69001	"OfficialName_Monster_NotoriousCottus"	["Morning"]	FALSE	1	6900401	[]	1009
1001	1	"boss挑战第4期boss2——机甲猩猩亚种"	69004	9	""	0	"OfficialName_Monster_TyphonDestroyer"	["Morning"]	FALSE	2	6900402	[]	1001
1001	1	"boss挑战第4期boss3——舞者亚种"	69004	9	""	0	"OfficialName_Monster_NotoriousMarionette"	["Morning"]	FALSE	3	6900403	[]	1003
1001	1	"boss挑战第5期boss1——庞贝亚种"	69005	9	""	69001	"OfficialName_Monster_NotoriousPompey"	["Morning"]	FALSE	1	6900501	[]	1009
1001	1	"boss挑战第5期boss2——牲鬼"	69005	9	""	0	"OfficialName_Monster_SacrificeBringer"	["Morning"]	FALSE	2	6900502	[]	1006
1001	1	"boss挑战第5期boss3——死路屠夫"	69005	9	""	0	"OfficialName_Monster_CottusGrey"	["Morning"]	FALSE	3	6900503	[]	1008
1001	1	"boss挑战第6期boss1——复合侵蚀体"	69006	9	""	69001	"OfficialName_Monster_ComplexCorrupted"	["Morning"]	FALSE	1	6900601	[]	1007
1001	1	"boss挑战第6期boss2——牲鬼"	69006	9	""	0	"OfficialName_Monster_SacrificeBringer"	["Morning"]	FALSE	2	6900602	[]	1006
1001	1	"boss挑战第6期boss3——庞贝亚种"	69006	9	""	0	"OfficialName_Monster_NotoriousPompey"	["Morning"]	FALSE	3	6900603	[]	1008
1001	1	"boss挑战第7期boss1——复合侵蚀体"	69007	9	""	69001	"OfficialName_Monster_ComplexCorrupted"	["Morning"]	FALSE	1	6900701	[]	1007
1001	1	"boss挑战第7期boss2——庞贝"	69007	9	""	0	"OfficialName_Monster_TyrantPompey"	["Morning"]	FALSE	2	6900702	[]	1009
1001	1	"boss挑战第7期boss3——机甲猩猩亚种"	69007	9	""	0	"OfficialName_Monster_TyphonDestroyer"	["Morning"]	FALSE	3	6900703	[]	1010
1001	1	"boss挑战第8期boss1——双子舞者亚种"	69008	9	""	69001	"OfficialName_Monster_NotoriousMarionette"	["Morning"]	FALSE	1	6900801	[]	1003
1001	1	"boss挑战第8期boss2——机甲猩猩亚种"	69008	9	""	0	"OfficialName_Monster_TyphonDestroyer"	["Morning"]	FALSE	2	6900802	[]	1010
1001	1	"boss挑战第8期boss3——庞贝亚种"	69008	9	""	0	"OfficialName_Monster_NotoriousPompey"	["Morning"]	FALSE	3	6900803	[]	1011
1001	1	"boss挑战第9期boss1——死路屠夫"	69009	9	""	69001	"OfficialName_Monster_CottusGrey"	["Morning"]	FALSE	1	6900901	[]	1008
1001	1	"boss挑战第9期boss2——牲鬼"	69009	9	""	0	"OfficialName_Monster_SacrificeBringer"	["Morning"]	FALSE	2	6900902	[]	1006
1001	1	"boss挑战第9期boss3——复合侵蚀体"	69009	9	""	0	"OfficialName_Monster_ComplexCorrupted"	["Morning"]	FALSE	3	6900903	[]	1007
1001	1	"boss挑战第10期boss1——牲鬼"	69010	9	""	69001	"OfficialName_Monster_SacrificeBringer"	["Morning"]	FALSE	1	6901001	[]	1006
1001	1	"boss挑战第10期boss2——复合侵蚀体"	69010	9	""	0	"OfficialName_Monster_ComplexCorrupted"	["Morning"]	FALSE	2	6901002	[]	1007
1001	1	"boss挑战第10期boss3——庞培"	69010	9	""	0	"OfficialName_Monster_TyrantPompey"	["Morning"]	FALSE	3	6901003	[]	1009
1001	1	"boss挑战第11期boss1——双子舞者亚种"	69011	9	""	69001	"OfficialName_Monster_NotoriousMarionette"	["Morning"]	FALSE	1	6901101	[]	1003
1001	1	"boss挑战第11期boss2——死路屠夫亚种"	69011	9	""	0	"OfficialName_Monster_NotoriousCottus"	["Morning"]	FALSE	2	6901102	[]	1009
1001	1	"boss挑战第11期boss3——机甲猩猩亚种"	69011	9	""	0	"OfficialName_Monster_TyphonDestroyer"	["Morning"]	FALSE	3	6901103	[]	1010
1001	1	"boss挑战第12期boss1——双子舞者亚种"	69012	9	""	69001	"OfficialName_Monster_NotoriousMarionette"	["Morning"]	FALSE	1	6901201	[]	1003
1001	1	"boss挑战第12期boss2——牲鬼"	69012	9	""	0	"OfficialName_Monster_SacrificeBringer"	["Morning"]	FALSE	2	6901202	[]	1006
1001	1	"boss挑战第12期boss3——庞贝亚种"	69012	9	""	0	"OfficialName_Monster_NotoriousPompey"	["Morning"]	FALSE	3	6901203	[]	1011
1001	1	"boss挑战第13期boss1——梅若拉可"	69013	9	""	69001	"OfficialName_Monster_MentorMevorakh"	["Morning"]	FALSE	1	6901301	[]	1012
1001	1	"boss挑战第13期boss2——双子舞者亚种"	69013	9	""	0	"OfficialName_Monster_NotoriousMarionette"	["Morning"]	FALSE	2	6901302	[]	1003
1001	1	"boss挑战第13期boss3——庞培亚种"	69013	9	""	0	"OfficialName_Monster_NotoriousPompey"	["Morning"]	FALSE	3	6901303	[]	1011
1001	1	"boss挑战第14期boss1——庞贝亚种"	69014	9	""	69001	"OfficialName_Monster_NotoriousPompey"	["Morning"]	FALSE	1	6901401	[]	1011
1001	1	"boss挑战第14期boss2——复合侵蚀体"	69014	9	""	0	"OfficialName_Monster_ComplexCorrupted"	["Morning"]	FALSE	2	6901402	[]	1007
1001	1	"boss挑战第14期boss3——牲鬼"	69014	9	""	0	"OfficialName_Monster_SacrificeBringer"	["Morning"]	FALSE	3	6901403	[]	1006
1001	1	"boss挑战第15期boss1——梅若拉可"	69015	9	""	69001	"OfficialName_Monster_MentorMevorakh"	["Morning"]	FALSE	1	6901501	[]	1012
1001	1	"boss挑战第15期boss2——庞培"	69015	9	""	0	"OfficialName_Monster_TyrantPompey"	["Morning"]	FALSE	2	6901502	[]	1009
1001	1	"boss挑战第15期boss3——死路屠夫亚种"	69015	9	""	0	"OfficialName_Monster_NotoriousCottus"	["Morning"]	FALSE	3	6901503	[]	1009
1001	1	"boss挑战第16期1——梅若拉可"	69016	9	""	69001	"OfficialName_Monster_MentorMevorakh"	["Morning"]	FALSE	1	6901601	[]	1012
1001	1	"boss挑战第16期2——名可名"	69016	9	""	0	"OfficialName_Monster_NamelessOne"	["Morning"]	FALSE	2	6901602	[]	1013
1001	1	"boss挑战第16期3——庞培亚种"	69016	9	""	0	"OfficialName_Monster_NotoriousPompey"	["Morning"]	FALSE	3	6901603	[]	1011
1001	1	"boss挑战第17期1——名可名"	69017	9	""	69001	"OfficialName_Monster_NamelessOne"	["Morning"]	FALSE	1	6901701	[]	1013
1001	1	"boss挑战第17期2——死路屠夫亚种"	69017	9	""	0	"OfficialName_Monster_NotoriousCottus"	["Morning"]	FALSE	2	6901702	[]	1014
1001	1	"boss挑战第17期3——双子舞者亚种"	69017	9	""	0	"OfficialName_Monster_NotoriousMarionette"	["Morning"]	FALSE	3	6901703	[]	1003
1001	1	"boss挑战第18期1——死路屠夫亚种"	69018	9	""	69001	"OfficialName_Monster_NotoriousCottus"	["Morning"]	FALSE	1	6901801	[]	1014
1001	1	"boss挑战第18期2——梅若拉可"	69018	9	""	0	"OfficialName_Monster_MentorMevorakh"	["Morning"]	FALSE	2	6901802	[]	1012
1001	1	"boss挑战第18期3——机甲猩猩亚种"	69018	9	""	0	"OfficialName_Monster_TyphonDestroyer"	["Morning"]	FALSE	3	6901803	[]	1010
1001	1	"boss挑战第19期boss1——亵渎者伊瑟尔德"	69019	9	""	69001	"OfficialName_Monster_IsoldetheDefiler"	["Morning"]	FALSE	1	6901901	[]	1015
1001	1	"boss挑战第19期boss2——名可名"	69019	9	""	0	"OfficialName_Monster_NamelessOne"	["Morning"]	FALSE	2	6901902	[]	1013
1001	1	"boss挑战第19期boss3——梅若拉可"	69019	9	""	0	"OfficialName_Monster_MentorMevorakh"	["Morning"]	FALSE	3	6901903	[]	1012
1001	1	"boss挑战第20期boss1——亵渎者伊瑟尔德"	69020	9	""	69001	"OfficialName_Monster_IsoldetheDefiler"	["Morning"]	FALSE	1	6902001	[]	1015
1001	1	"Boss挑战第20期Beta2——死路屠夫亚种"	69020	9	""	0	"OfficialName_Monster_NotoriousCottus"	["Morning"]	FALSE	2	6902002	[]	1014
1001	1	"Boss挑战第20期Beta3——庞培亚种"	69020	9	""	0	"OfficialName_Monster_NotoriousPompey"	["Morning"]	FALSE	3	6902003	[]	1011
1001	1	"boss挑战第21期boss1——名可名"	69021	9	""	69001	"OfficialName_Monster_NamelessOne"	["Morning"]	FALSE	1	6902101	[]	1013
1001	1	"boss挑战第21期boss2——复合侵蚀体"	69021	9	""	0	"OfficialName_Monster_ComplexCorrupted"	["Morning"]	FALSE	2	6902102	[]	1007
1001	1	"boss挑战第21期boss3——梅若拉可"	69021	9	""	0	"OfficialName_Monster_MentorMevorakh"	["Morning"]	FALSE	3	6902103	[]	1012
201	1	"深渊刷新区第1期第1层-beta"	620011	1	""	62001	"62001_LayerName1"	["Morning"]	FALSE	1	6200101	[]	0
201	1	"深渊刷新区第1期第2层-beta"	620011	1	""	0	"62001_LayerName2"	["Morning"]	FALSE	2	6200102	[]	0
201	1	"深渊刷新区第1期第3层-beta"	620011	1	""	0	"62001_LayerName3"	["Morning"]	FALSE	3	6200103	[]	0
201	1	"深渊刷新区第1期第4层-beta"	620011	1	""	0	"62001_LayerName4"	["Morning"]	FALSE	4	6200104	[]	0
201	1	"深渊刷新区第1期第5层-beta"	620011	1	""	0	"62001_LayerName5"	["Morning"]	FALSE	5	6200105	[]	0
201	1	"深渊刷新区第1期第6层-beta"	620011	1	""	0	"62001_LayerName6"	["Morning"]	FALSE	6	6200106	[]	0
201	1	"深渊刷新区第1期第7层-beta"	620011	1	""	0	"62001_LayerName7"	["Morning"]	FALSE	7	6200107	[]	0
201	1	"深渊刷新区第2期第1层-beta"	620021	1	""	62001	"62001_LayerName1"	["Morning"]	FALSE	1	6200201	[]	0
201	1	"深渊刷新区第2期第2层-beta"	620021	1	""	0	"62001_LayerName2"	["Morning"]	FALSE	2	6200202	[]	0
201	1	"深渊刷新区第2期第3层-beta"	620021	1	""	0	"62001_LayerName3"	["Morning"]	FALSE	3	6200203	[]	0
201	1	"深渊刷新区第2期第4层-beta"	620021	1	""	0	"62001_LayerName4"	["Morning"]	FALSE	4	6200204	[]	0
201	1	"深渊刷新区第2期第5层-beta"	620021	1	""	0	"62001_LayerName5"	["Morning"]	FALSE	5	6200205	[]	0
201	1	"深渊刷新区第2期第6层-beta"	620021	1	""	0	"62001_LayerName6"	["Morning"]	FALSE	6	6200206	[]	0
201	1	"深渊刷新区第2期第7层-beta"	620021	1	""	0	"62001_LayerName7"	["Morning"]	FALSE	7	6200207	[]	0
201	1	"2.3V1临时角色测试-深渊刷新区第32期第1层"	620331	1	""	62014	"62001_LayerName1"	["Morning"]	FALSE	1	6203201	[]	0
201	1	"2.3V1临时角色测试-深渊刷新区第32期第2层"	620331	1	""	0	"62001_LayerName2"	["Morning"]	FALSE	2	6203202	[]	0
201	1	"2.3V1临时角色测试-深渊刷新区第32期第3层"	620331	1	""	0	"62001_LayerName3"	["Morning"]	FALSE	3	6203203	[]	0
201	1	"2.3V1临时角色测试-深渊刷新区第32期第4层"	620331	1	""	0	"62001_LayerName4"	["Morning"]	FALSE	4	6203204	[]	0
201	1	"2.3V1临时角色测试-深渊刷新区第32期第5层"	620331	1	""	0	"62001_LayerName5"	["Morning"]	FALSE	5	6203205	[]	0
201	1	"2.3V1临时角色测试-深渊刷新区第32期第6层"	620331	1	""	0	"62001_LayerName6"	["Morning"]	FALSE	6	6203206	[]	0
201	1	"2.3V1临时角色测试-深渊刷新区第32期第7层"	620331	1	""	0	"62001_LayerName7"	["Morning"]	FALSE	7	6203207	[]	0
1001	1	"boss挑战第3期boss1beta"	690031	9	""	69001	""	["Morning"]	FALSE	1	6900301	[]	1009
1001	1	"boss挑战第3期boss2beta"	690031	9	""	0	""	["Morning"]	FALSE	2	6900302	[]	1007
1001	1	"boss挑战第3期boss3beta"	690031	9	""	0	""	["Morning"]	FALSE	3	6900303	[]	1002
1001	1	"boss挑战第4期boss1beta"	690041	10	""	69001	""	["Morning"]	FALSE	1	6900401	[]	1009
1001	1	"boss挑战第4期boss2beta"	690041	10	""	0	""	["Morning"]	FALSE	2	6900402	[]	1001
1001	1	"boss挑战第4期boss3beta"	690041	10	""	0	""	["Morning"]	FALSE	3	6900403	[]	1003
1001	1	"boss挑战第5期boss1beta"	690051	11	""	69001	""	["Morning"]	FALSE	1	6900501	[]	1009
1001	1	"boss挑战第5期boss2beta"	690051	11	""	0	""	["Morning"]	FALSE	2	6900502	[]	1006
1001	1	"boss挑战第5期boss3beta"	690051	11	""	0	""	["Morning"]	FALSE	3	6900503	[]	1008
1001	1	"boss挑战第6期boss1beta"	690061	12	""	69001	""	["Morning"]	FALSE	1	6900601	[]	1007
1001	1	"boss挑战第6期boss2beta"	690061	12	""	0	""	["Morning"]	FALSE	2	6900602	[]	1006
1001	1	"boss挑战第6期boss3beta"	690061	12	""	0	""	["Morning"]	FALSE	3	6900603	[]	1008
1001	1	"Boss挑战2.3V1临时角色测试Beta1——名可名"	690221	9	""	69001	"OfficialName_Monster_NamelessOne"	["Morning"]	FALSE	1	6902101	[]	1013
1001	1	"Boss挑战2.3V1临时角色测试Beta2——复合侵蚀体"	690221	9	""	0	"OfficialName_Monster_ComplexCorrupted"	["Morning"]	FALSE	2	6902102	[]	1007
1001	1	"Boss挑战2.3V1临时角色测试Beta3——梅若拉可"	690221	9	""	0	"OfficialName_Monster_MentorMevorakh"	["Morning"]	FALSE	3	6902103	[]	1012
201	2	"临界推演S1-简单-STAGE 1"	700001	1	""	0	""	["Morning"]	FALSE	1	7000101	[]	0
201	2	"临界推演S1-简单-1-1"	700002	1	""	0	""	["Morning"]	FALSE	1	7000102	[]	0
201	2	"临界推演S1-简单-STAGE 2"	700003	1	""	0	""	["Morning"]	FALSE	1	7000103	[]	0
201	2	"临界推演S1-简单-2-1"	700004	1	""	0	""	["Morning"]	FALSE	1	7000104	[]	0
201	2	"临界推演S1-简单-2-2"	700005	1	""	0	""	["Morning"]	FALSE	1	7000105	[]	0
201	2	"临界推演S1-简单-STAGE 3"	700006	1	""	0	""	["Morning"]	FALSE	1	7000106	[]	0
201	2	"临界推演S1-简单-3-1"	700007	1	""	0	""	["Morning"]	FALSE	1	7000107	[]	0
201	2	"临界推演S1-简单-3-2"	700008	1	""	0	""	["Morning"]	FALSE	1	7000108	[]	0
201	2	"临界推演S1-简单-3-3"	700009	1	""	0	""	["Morning"]	FALSE	1	7000109	[]	0
201	2	"临界推演S1-简单-STAGE 4"	700010	1	""	0	""	["Morning"]	FALSE	1	7000110	[]	0
201	2	"临界推演S1-简单-4-1"	700011	1	""	0	""	["Morning"]	FALSE	1	7000111	[]	0
201	2	"临界推演S1-简单-4-2"	700012	1	""	0	""	["Morning"]	FALSE	1	7000112	[]	0
201	2	"临界推演S1-简单-4-3"	700013	1	""	0	""	["Morning"]	FALSE	1	7000113	[]	0
201	2	"临界推演S1-困难-STAGE 1"	700014	1	""	0	""	["Morning"]	FALSE	1	7000114	[]	0
201	2	"临界推演S1-困难-1-1"	700015	1	""	0	""	["Morning"]	FALSE	1	7000115	[]	0
201	2	"临界推演S1-困难-1-2"	700016	1	""	0	""	["Morning"]	FALSE	1	7000116	[]	0
201	2	"临界推演S1-困难-1-3"	700017	1	""	0	""	["Morning"]	FALSE	1	7000117	[]	0
201	2	"临界推演S1-困难-STAGE 2"	700018	1	""	0	""	["Morning"]	FALSE	1	7000118	[]	0
201	2	"临界推演S1-困难-2-1"	700019	1	""	0	""	["Morning"]	FALSE	1	7000119	[]	0
201	2	"临界推演S1-困难-2-2"	700020	1	""	0	""	["Morning"]	FALSE	1	7000120	[]	0
201	2	"临界推演S1-困难-2-3"	700021	1	""	0	""	["Morning"]	FALSE	1	7000121	[]	0
201	2	"临界推演S1-困难-STAGE 3"	700022	1	""	0	""	["Morning"]	FALSE	1	7000122	[]	0
201	2	"临界推演S1-困难-3-1"	700023	1	""	0	""	["Morning"]	FALSE	1	7000123	[]	0
201	2	"临界推演S1-困难-3-2"	700024	1	""	0	""	["Morning"]	FALSE	1	7000124	[]	0
201	2	"临界推演S1-困难-3-3"	700025	1	""	0	""	["Morning"]	FALSE	1	7000125	[]	0
201	2	"临界推演S1-困难-3-4"	700026	1	""	0	""	["Morning"]	FALSE	1	7000126	[]	0
201	2	"临界推演S1-困难-STAGE 4-Boss1"	700027	1	""	0	""	["Morning"]	FALSE	1	7000127	[]	0
201	2	"临界推演S1-困难-STAGE 4-Boss2"	700028	1	""	0	""	["Morning"]	FALSE	1	7000128	[]	0
201	2	"临界推演S1-困难-STAGE 4-Boss3"	700029	1	""	0	""	["Morning"]	FALSE	1	7000129	[]	0
201	2	"临界推演S1-困难-4-1（Stage4-Boss3）"	700030	1	""	0	""	["Morning"]	FALSE	1	7000130	[]	0
201	2	"临界推演S1-困难-4-2（Stage4-Boss2）"	700031	1	""	0	""	["Morning"]	FALSE	1	7000131	[]	0
201	2	"临界推演S1-困难-4-3（Stage4-Boss1）"	700032	1	""	0	""	["Morning"]	FALSE	1	7000132	[]	0
201	2	"临界推演S1-困难-4-4（Stage4-Boss1）"	700033	1	""	0	""	["Morning"]	FALSE	1	7000133	[]	0
201	2	"临界推演S1-困难-4-5（Stage4-Boss2）"	700034	1	""	0	""	["Morning"]	FALSE	1	7000134	[]	0
201	2	"临界推演S1-困难-4-6（Stage4-Boss1）"	700035	1	""	0	""	["Morning"]	FALSE	1	7000135	[]	0
201	2	"临界推演S1-困难-4-7（Stage4-Boss3）"	700036	1	""	0	""	["Morning"]	FALSE	1	7000136	[]	0
201	2	"临界推演S1-困难-4-8（Stage4-Boss1）"	700037	1	""	0	""	["Morning"]	FALSE	1	7000137	[]	0
201	2	"临界推演S1-困难-4-9（Stage4-Boss2）"	700038	1	""	0	""	["Morning"]	FALSE	1	7000138	[]	0
201	2	"临界推演S1-困难-4-10（Stage4-Boss3）"	700039	1	""	0	""	["Morning"]	FALSE	1	7000139	[]	0
201	2	"临界推演S1-困难-4-11（Stage4-Boss3）"	700040	1	""	0	""	["Morning"]	FALSE	1	7000140	[]	0
201	2	"临界推演S1-困难-4-12（Stage4-Boss2）"	700041	1	""	0	""	["Morning"]	FALSE	1	7000141	[]	0
